ResponseID,"""TO /  DELIGHT"" /  /    /  /    /  /    /  /  B = positive     /         N = negative","""TO /  DESPISE"" /  /    /  /    /  /    /  /  B = positive       /       N = negative","""TO BLOOM"" /  /    /  /    /  /    /  /  B = positive            N = /  negative","Now that you have completed the practice verbs, click below / to continue to the main part of the experiment. Remember that (in / contrast to the practice items) you will only have 2 seconds to / respond...","""TO CUDDLE"" /  /    /  /    /  /    /  /  B = positive            N = /  negative",Timing-First Click,Timing-Last Click,Timing-Page Submit,Timing-Click Count,"""TO /  BUILD"" /   /   /   /    /   /   /    /   /   /  B = positive     /         N = negative",Timing-First Click,Timing-Last Click,Timing-Page Submit,Timing-Click Count,"""TO /  REPAIR"" /    /   /   /    /   /   /    /   /   /  B = positive     /         N = negative",Timing-First Click,Timing-Last Click,Timing-Page Submit,Timing-Click Count,"""TO /  CARESS"" /   /   /    /   /   /    /   /   /    /   /   /  B = positive     /         N = negative",Timing-First Click,Timing-Last Click,Timing-Page Submit,Timing-Click Count,"""TO PET"" /  /    /  /    /  /    /  /  B = positive            N = /  negative",Timing-First Click,Timing-Last Click,Timing-Page Submit,Timing-Click Count,"""TO HUG"" /  /    /  /    /  /    /  /  B = positive     /         N = negative",Timing-First Click,Timing-Last Click,Timing-Page Submit,Timing-Click Count,"""TO /  PRODUCE""B = positive     /         N = negative",Timing-First Click,Timing-Last Click,Timing-Page Submit,Timing-Click Count,"""TO /  SCULPT""B = positive     /         N = negative",Timing-First Click,Timing-Last Click,Timing-Page Submit,Timing-Click Count,"""TO /  TWINKLE""B = positive     /         N = negative",Timing-First Click,Timing-Last Click,Timing-Page Submit,Timing-Click Count,"""TO /  DECORATE""B = positive     /         N = negative",Timing-First Click,Timing-Last Click,Timing-Page Submit,Timing-Click Count,"""TO /  PRAISE""B = positive     /         N = negative",Timing-First Click,Timing-Last Click,Timing-Page Submit,Timing-Click Count,"""TO /  THRILL""B = positive     /         N = negative",Timing-First Click,Timing-Last Click,Timing-Page Submit,Timing-Click Count,"""TO /  CONTENT""B = positive     /         N = negative",Timing-First Click,Timing-Last Click,Timing-Page Submit,Timing-Click Count,"""TO /  APPRECIATE""B = positive     /         N = negative",Timing-First Click,Timing-Last Click,Timing-Page Submit,Timing-Click Count,"""TO /  IMPRESS""B = positive     /         N = negative",Timing-First Click,Timing-Last Click,Timing-Page Submit,Timing-Click Count,"""TO /  LIKE""B = positive     /         N = negative",Timing-First Click,Timing-Last Click,Timing-Page Submit,Timing-Click Count,"""TO /  RESPECT""B = positive     /         N = negative",Timing-First Click,Timing-Last Click,Timing-Page Submit,Timing-Click Count,"""TO /  ADMIRE""B = positive     /         N = negative",Timing-First Click,Timing-Last Click,Timing-Page Submit,Timing-Click Count,"""TO /  ADORE""B = positive     /         N = negative",Timing-First Click,Timing-Last Click,Timing-Page Submit,Timing-Click Count,"""TO /  CHERISH""B = positive     /         N = negative",Timing-First Click,Timing-Last Click,Timing-Page Submit,Timing-Click Count,"""TO /  PULVERIZE""B = positive     /         N = negative",Timing-First Click,Timing-Last Click,Timing-Page Submit,Timing-Click Count,"""TO /  SMASH""B = positive     /         N = negative",Timing-First Click,Timing-Last Click,Timing-Page Submit,Timing-Click Count,"""TO /  KNIFE""B = positive     /         N = negative",Timing-First Click,Timing-Last Click,Timing-Page Submit,Timing-Click Count,"""TO /  SLAUGHTER""B = positive     /         N = negative",Timing-First Click,Timing-Last Click,Timing-Page Submit,Timing-Click Count,"""TO /  SLASH""B = positive     /         N = negative",Timing-First Click,Timing-Last Click,Timing-Page Submit,Timing-Click Count,"""TO /  POLLUTE""B = positive     /         N = negative",Timing-First Click,Timing-Last Click,Timing-Page Submit,Timing-Click Count,"""TO /  DELETE""B = positive     /         N = negative",Timing-First Click,Timing-Last Click,Timing-Page Submit,Timing-Click Count,"""TO /  CORRODE""B = positive     /         N = negative",Timing-First Click,Timing-Last Click,Timing-Page Submit,Timing-Click Count,"""TO /  DESTROY""B = positive     /         N = negative",Timing-First Click,Timing-Last Click,Timing-Page Submit,Timing-Click Count,"""TO /  DIRTY""B = positive     /         N = negative",Timing-First Click,Timing-Last Click,Timing-Page Submit,Timing-Click Count,"""TO /  LAMENT""B = positive     /         N = negative",Timing-First Click,Timing-Last Click,Timing-Page Submit,Timing-Click Count,"""TO /  DISTRESS""B = positive     /         N = negative",Timing-First Click,Timing-Last Click,Timing-Page Submit,Timing-Click Count,"""TO /  OFFEND""B = positive     /         N = negative",Timing-First Click,Timing-Last Click,Timing-Page Submit,Timing-Click Count,"""TO /  DISPLEASE""B = positive     /         N = negative",Timing-First Click,Timing-Last Click,Timing-Page Submit,Timing-Click Count,"""TO /  DISMAY""B = positive     /         N = negative",Timing-First Click,Timing-Last Click,Timing-Page Submit,Timing-Click Count,"""TO /  CRITICIZE""B = positive     /         N = negative",Timing-First Click,Timing-Last Click,Timing-Page Submit,Timing-Click Count,"""TO /  DREAD"" /   /   /    /   /   /  B = positive     /         N = negative",Timing-First Click,Timing-Last Click,Timing-Page Submit,Timing-Click Count,"""TO /  MOURN"" /   /   /    /   /   /  B = positive     /         N = negative",Timing-First Click,Timing-Last Click,Timing-Page Submit,Timing-Click Count,"""TO /  LOATHE""B = positive     /         N = negative",Timing-First Click,Timing-Last Click,Timing-Page Submit,Timing-Click Count,"""TO /  WORRY""B = positive     /         N = negative",Timing-First Click,Timing-Last Click,Timing-Page Submit,Timing-Click Count,"In this part of the experiment, you are going to see a /  series of verbs. And for each verb you will have to evaluate /  whether the meaning of the verb is physical or /  psychological. /  /   /  If the verb'...","""TO /  TRUST"" /   /   /    /   /   /    /   /   /    /   /   /  B = physical     /         N = psychological","""TO /  PINCH""B = physical     /         N = psychological","""TO /  REGRET""B = physical     /         N = psychological","Now that you have completed the practice verbs, click below / to continue to the main part of the experiment. Remember that (in / contrast to the practice items) you will only have 2 seconds to / respond...","""TO /  BUILD""B = physical     /         N = psychological",Timing-First Click,Timing-Last Click,Timing-Page Submit,Timing-Click Count,"""TO /  CUDDLE""B = physical     /         N = psychological",Timing-First Click,Timing-Last Click,Timing-Page Submit,Timing-Click Count,"""TO /  REPAIR"" /   /   /    /   /   /  B = physical     /         N = psychological",Timing-First Click,Timing-Last Click,Timing-Page Submit,Timing-Click Count,"""TO /  CARESS""B = physical     /         N = psychological",Timing-First Click,Timing-Last Click,Timing-Page Submit,Timing-Click Count,"""TO /  PET""B = physical     /         N = psychological",Timing-First Click,Timing-Last Click,Timing-Page Submit,Timing-Click Count,"""TO HUG""B = physical     /         N = psychological /  /   ",Timing-First Click,Timing-Last Click,Timing-Page Submit,Timing-Click Count,"""TO /  PRODUCE""B = physical     /         N = psychological",Timing-First Click,Timing-Last Click,Timing-Page Submit,Timing-Click Count,"""TO /  SCULPT""B = physical     /         N = psychological",Timing-First Click,Timing-Last Click,Timing-Page Submit,Timing-Click Count,"""TO /  TWINKLE""B = physical     /         N = psychological",Timing-First Click,Timing-Last Click,Timing-Page Submit,Timing-Click Count,"""TO /  DECORATE""B = physical     /         N = psychological",Timing-First Click,Timing-Last Click,Timing-Page Submit,Timing-Click Count,"""TO /  PRAISE"" /   /   /    /   /   /  B = physical     /         N = psychological",Timing-First Click,Timing-Last Click,Timing-Page Submit,Timing-Click Count,"""TO /  THRILL""B = physical     /         N = psychological",Timing-First Click,Timing-Last Click,Timing-Page Submit,Timing-Click Count,"""TO /  CONTENT""B = physical     /         N = psychological",Timing-First Click,Timing-Last Click,Timing-Page Submit,Timing-Click Count,"""TO /  APPRECIATE""B = physical     /         N = psychological",Timing-First Click,Timing-Last Click,Timing-Page Submit,Timing-Click Count,"""TO /  IMPRESS""B = physical     /         N = psychological",Timing-First Click,Timing-Last Click,Timing-Page Submit,Timing-Click Count,"""TO LIKE"" /   /   /    /   /   /  B = physical     /         N = psychological",Timing-First Click,Timing-Last Click,Timing-Page Submit,Timing-Click Count,"""TO /  RESPECT""B = physical     /         N = psychological",Timing-First Click,Timing-Last Click,Timing-Page Submit,Timing-Click Count,"""TO /  ADMIRE""B = physical     /         N = psychological",Timing-First Click,Timing-Last Click,Timing-Page Submit,Timing-Click Count,"""TO /  ADORE""B = physical     /         N = psychological",Timing-First Click,Timing-Last Click,Timing-Page Submit,Timing-Click Count,"""TO /  CHERISH"" /   /   /    /   /   /  B = physical     /         N = psychological",Timing-First Click,Timing-Last Click,Timing-Page Submit,Timing-Click Count,"""TO /  PULVERIZE""B = physical     /         N = psychological",Timing-First Click,Timing-Last Click,Timing-Page Submit,Timing-Click Count,"""TO /  SMASH"" /   /   /    /   /   /  B = physical     /         N = psychological",Timing-First Click,Timing-Last Click,Timing-Page Submit,Timing-Click Count,"""TO /  KNIFE""B = physical     /         N = psychological",Timing-First Click,Timing-Last Click,Timing-Page Submit,Timing-Click Count,"""TO /  SLAUGHTER""B = physical     /         N = psychological",Timing-First Click,Timing-Last Click,Timing-Page Submit,Timing-Click Count,"""TO /  SLASH""B = physical     /         N = psychological",Timing-First Click,Timing-Last Click,Timing-Page Submit,Timing-Click Count,"""TO /  POLLUTE"" /   /   /    /   /   /  B = physical     /         N = psychological",Timing-First Click,Timing-Last Click,Timing-Page Submit,Timing-Click Count,"""TO /  DELETE""B = physical     /         N = psychological",Timing-First Click,Timing-Last Click,Timing-Page Submit,Timing-Click Count,"""TO /  CORRODE"" /   /   /    /   /   /  B = physical     /         N = psychological",Timing-First Click,Timing-Last Click,Timing-Page Submit,Timing-Click Count,"""TO /  DESTROY""B = physical     /         N = psychological",Timing-First Click,Timing-Last Click,Timing-Page Submit,Timing-Click Count,"""TO /  DIRTY"" /   /   /    /   /   /  B = physical     /         N = psychological",Timing-First Click,Timing-Last Click,Timing-Page Submit,Timing-Click Count,"""TO /  LAMENT""B = physical     /         N = psychological",Timing-First Click,Timing-Last Click,Timing-Page Submit,Timing-Click Count,"""TO /  DISTRESS""B = physical     /         N = psychological",Timing-First Click,Timing-Last Click,Timing-Page Submit,Timing-Click Count,"""TO /  OFFEND""B = physical     /         N = psychological",Timing-First Click,Timing-Last Click,Timing-Page Submit,Timing-Click Count,"""TO /  DISPLEASE""B = physical     /         N = psychological",Timing-First Click,Timing-Last Click,Timing-Page Submit,Timing-Click Count,"""TO /  DISMAY"" /   /   /    /   /   /  B = physical     /         N = psychological",Timing-First Click,Timing-Last Click,Timing-Page Submit,Timing-Click Count,"""TO /  CRITICIZE"" /   /   /    /   /   /  B = physical     /         N = psychological",Timing-First Click,Timing-Last Click,Timing-Page Submit,Timing-Click Count,"""TO /  DREAD"" /   /   /    /   /   /  B = physical     /         N = psychological",Timing-First Click,Timing-Last Click,Timing-Page Submit,Timing-Click Count,"""TO /  MOURN""B = physical     /         N = psychological",Timing-First Click,Timing-Last Click,Timing-Page Submit,Timing-Click Count,"""TO /  LOATHE""B = physical     /         N = psychological",Timing-First Click,Timing-Last Click,Timing-Page Submit,Timing-Click Count,"""TO /  WORRY""B = physical     /         N = psychological",Timing-First Click,Timing-Last Click,Timing-Page Submit,Timing-Click Count,What is your highest level of education?,How old are you?,What is your native language,Are you right handed or left handed?,Do you have any comments about the survey?,LocationLatitude,LocationLongitude,LocationAccuracy
R_8868VvS8DH4InYh,1,2,1,1,1,0,0,0.587,0,1,0,0,0.779,0,1,0,0,0.754,0,1,0,0,0.602,0,1,0,0,0.564,0,1,0,0,0.815,0,1,0,0,0.896,0,1,0,0,0.874,0,1,0,0,0.672,0,1,0,0,0.606,0,1,0,0,0.722,0,1,0,0,0.836,0,1,0,0,0.587,0,1,0,0,0.874,0,1,0,0,0.725,0,1,0,0,0.564,0,2,0,0,0.823,0,1,0,0,0.579,0,1,0,0,0.589,0,1,0,0,1.126,0,2,0,0,0.73,0,2,0,0,0.613,0,2,0,0,0.593,0,2,0,0,0.596,0,2,0,0,0.971,0,2,0,0,0.624,0,2,0,0,0.697,0,2,0,0,0.629,0,2,0,0,0.656,0,2,0,0,1.165,0,2,0,0,0.594,0,2,0,0,0.626,0,2,0,0,0.513,0,2,0,0,0.623,0,2,0,0,0.734,0,2,0,0,0.659,0,2,0,0,0.522,0,2,0,0,0.548,0,2,0,0,0.618,0,2,0,0,0.992,0,1,2,1,2,1,1,0,0,0.876,0,1,0,0,1.039,0,1,0,0,0.724,0,1,0,0,1.001,0,1,0,0,0.596,0,1,0,0,0.605,0,1,0,0,1.07,0,1,0,0,0.668,0,1,0,0,1.221,0,1,0,0,0.755,0,2,0,0,0.776,0,2,0,0,0.623,0,2,0,0,1.101,0,2,0,0,0.959,0,2,0,0,0.664,0,2,0,0,0.786,0,2,0,0,0.748,0,2,0,0,0.678,0,2,0,0,0.675,0,2,0,0,0.749,0,1,0,0,0.868,0,1,0,0,0.73,0,1,0,0,1.061,0,1,0,0,0.756,0,1,0,0,0.796,0,2,0,0,0.932,0,1,0,0,0.942,0,1,0,0,0.88,0,1,0,0,0.817,0,2,0,0,0.67,0,2,0,0,0.597,0,2,0,0,0.808,0,2,0,0,0.704,0,2,0,0,0.699,0,2,0,0,0.686,0,2,0,0,0.765,0,2,0,0,0.83,0,2,0,0,0.54,0,1,0,0,1.233,0,2,0,0,0.699,0,2,2,english,1,thank you,41.081405639648,-81.518997192383,-1
R_brBsncrK2secV7v,1,2,1,1,1,0,0,0.935,0,1,0,0,0.972,0,1,0,0,1.029,0,1,0,0,0.887,0,1,0,0,1.234,0,1,0,0,0.803,0,1,0,0,1.136,0,,0,0,2.024,0,1,0,0,0.828,0,1,0,0,0.848,0,1,0,0,0.771,0,1,0,0,1.06,0,1,0,0,0.879,0,1,0,0,0.763,0,1,0,0,0.927,0,1,0,0,0.758,0,1,0,0,0.751,0,1,0,0,0.792,0,1,0,0,0.702,0,1,0,0,0.926,0,2,0,0,0.88,0,2,0,0,1.115,0,2,0,0,1.079,0,2,0,0,0.851,0,2,0,0,0.84,0,2,0,0,0.8,0,2,0,0,1.025,0,2,0,0,0.952,0,2,0,0,0.941,0,2,0,0,1.222,0,2,0,0,1.431,0,2,0,0,0.828,0,2,0,0,1.086,0,2,0,0,0.814,0,2,0,0,0.79,0,2,0,0,1.039,0,2,0,0,0.845,0,2,0,0,1.138,0,2,0,0,0.869,0,2,0,0,0.706,0,1,2,1,2,1,1,0,0,0.763,0,1,0,0,0.73,0,1,0,0,0.854,0,1,0,0,0.771,0,1,0,0,0.74,0,1,0,0,0.922,0,2,0,0,1.051,0,1,0,0,0.86,0,1,0,0,1.595,0,1,0,0,1.217,0,2,0,0,0.967,0,2,0,0,1.037,0,2,0,0,1.223,0,2,0,0,0.977,0,2,0,0,0.821,0,2,0,0,0.928,0,2,0,0,0.978,0,2,0,0,1.069,0,2,0,0,1.517,0,2,0,0,0.946,0,1,0,0,0.853,0,1,0,0,0.821,0,1,0,0,1.04,0,1,0,0,1.105,0,1,0,0,0.725,0,,0,0,2.026,0,1,0,0,0.958,0,1,0,0,1.245,0,1,0,0,0.859,0,1,0,0,1.109,0,2,0,0,0.838,0,2,0,0,1.275,0,2,0,0,1.248,0,2,0,0,0.868,0,2,0,0,0.736,0,2,0,0,1.113,0,2,0,0,1.034,0,2,0,0,1.347,0,2,0,0,1.013,0,2,0,0,0.832,0,3,2,English,1,"None, thank you.",40.619903564453,-74.427398681641,-1
R_cIay1PiBWtSgPpr,1,1,1,1,1,0,0,1.13,0,1,0,0,0.631,0,1,0,0,0.816,0,1,0,0,0.688,0,1,0,0,0.807,0,1,0,0,0.583,0,1,0,0,0.706,0,1,0,0,0.685,0,1,0,0,0.917,0,1,0,0,0.74,0,1,0,0,0.667,0,1,0,0,0.767,0,2,0,0,0.877,0,1,0,0,0.621,0,1,0,0,0.969,0,1,0,0,0.621,0,1,0,0,0.945,0,2,0,0,1.193,0,1,0,0,0.633,0,1,0,0,0.725,0,1,0,0,0.789,0,2,0,0,0.991,0,2,0,0,0.871,0,2,0,0,0.656,0,1,0,0,0.372,0,2,0,0,1.015,0,2,0,0,0.474,0,2,0,0,1.109,0,2,0,0,1.409,0,2,0,0,0.783,0,2,0,0,1.301,0,2,0,0,0.842,0,2,0,0,0.677,0,2,0,0,0.83,0,2,0,0,0.693,0,1,0,0,0.637,0,2,0,0,0.675,0,2,0,0,0.835,0,2,0,0,0.668,0,2,0,0,0.763,0,1,2,1,2,1,1,0,0,0.929,0,,0,0,2.005,0,,0,0,2.009,0,2,0,0,0.331,0,1,0,0,0.879,0,1,0,0,1.124,0,2,0,0,0.691,0,2,0,0,0.494,0,2,0,0,0.605,0,2,0,0,0.356,0,2,0,0,0.793,0,,0,0,2.008,0,2,0,0,0.65,0,2,0,0,0.606,0,2,0,0,0.911,0,2,0,0,0.573,0,2,0,0,0.372,0,2,0,0,0.839,0,,0,0,2.007,0,2,0,0,1.018,0,,0,0,2.009,0,1,0,0,1.075,0,2,0,0,1.042,0,,0,0,2.01,0,2,0,0,0.335,0,2,0,0,0.5,0,2,0,0,1.051,0,,0,0,2.007,0,2,0,0,0.587,0,2,0,0,0.547,0,2,0,0,0.039,0,2,0,0,0.71,0,2,0,0,1.19,0,2,0,0,0.939,0,2,0,0,0.905,0,2,0,0,0.567,0,2,0,0,0.387,0,2,0,0,0.822,0,2,0,0,0.251,0,2,0,0,1.149,0,1,1,english,1,no,40.317794799805,-79.717697143555,-1
R_4IrZFD1AjeRZm1T,1,2,1,1,1,0,0,0.696,0,1,0,0,1.118,0,1,0,0,0.926,0,1,0,0,1.47,0,1,0,0,0.976,0,1,0,0,0.781,0,1,0,0,0.936,0,1,0,0,1.011,0,1,0,0,0.792,0,1,0,0,0.725,0,1,0,0,0.906,0,1,0,0,0.962,0,1,0,0,0.912,0,1,0,0,0.74,0,1,0,0,0.872,0,1,0,0,0.849,0,1,0,0,0.921,0,1,0,0,0.83,0,1,0,0,1.166,0,1,0,0,0.826,0,2,0,0,1.252,0,2,0,0,0.807,0,2,0,0,0.875,0,2,0,0,0.69,0,2,0,0,0.763,0,2,0,0,0.77,0,2,0,0,0.675,0,2,0,0,0.631,0,2,0,0,0.753,0,2,0,0,0.791,0,2,0,0,0.787,0,2,0,0,0.802,0,2,0,0,0.935,0,2,0,0,0.623,0,2,0,0,0.772,0,2,0,0,0.789,0,2,0,0,0.669,0,1,0,0,0.881,0,2,0,0,0.945,0,2,0,0,0.776,0,1,2,1,2,1,1,0,0,0.877,0,2,0,0,0.843,0,1,0,0,0.905,0,1,0,0,1.005,0,1,0,0,1.873,0,1,0,0,1.038,0,1,0,0,1.084,0,1,0,0,1.022,0,2,0,0,1.205,0,1,0,0,1.141,0,2,0,0,1.102,0,2,0,0,1.104,0,2,0,0,1.254,0,2,0,0,0.78,0,2,0,0,0.815,0,2,0,0,0.957,0,2,0,0,0.895,0,2,0,0,0.8,0,2,0,0,1,0,2,0,0,0.972,0,1,0,0,0.769,0,1,0,0,0.959,0,1,0,0,0.964,0,1,0,0,0.804,0,1,0,0,0.971,0,1,0,0,0.871,0,1,0,0,1.349,0,1,0,0,1.404,0,1,0,0,1.144,0,2,0,0,0.995,0,2,0,0,1.245,0,2,0,0,0.824,0,2,0,0,1.443,0,2,0,0,1.273,0,2,0,0,0.832,0,2,0,0,1.296,0,2,0,0,0.857,0,2,0,0,0.879,0,2,0,0,0.995,0,2,0,0,0.901,0,1,3,english,1,no,32.478103637695,-86.359802246094,-1
R_8finadprGjxTKTP,1,2,1,1,2,0,0,0.528,0,1,0,0,0.627,0,1,0,0,0.682,0,1,0,0,0.675,0,1,0,0,0.687,0,1,0,0,0.645,0,1,0,0,0.616,0,1,0,0,0.804,0,1,0,0,0.934,0,1,0,0,0.786,0,1,0,0,0.645,0,1,0,0,0.767,0,2,0,0,1.284,0,1,0,0,0.71,0,1,0,0,0.831,0,1,0,0,0.623,0,1,0,0,1.311,0,1,0,0,0.627,0,1,0,0,0.619,0,1,0,0,0.684,0,2,0,0,0.89,0,2,0,0,1.105,0,2,0,0,1.005,0,2,0,0,0.746,0,2,0,0,0.66,0,1,0,0,0.624,0,2,0,0,0.734,0,2,0,0,1.127,0,2,0,0,0.617,0,2,0,0,0.733,0,2,0,0,0.774,0,2,0,0,0.829,0,2,0,0,0.499,0,2,0,0,0.937,0,2,0,0,0.886,0,2,0,0,0.75,0,2,0,0,0.921,0,2,0,0,0.717,0,2,0,0,0.64,0,2,0,0,0.691,0,1,2,1,2,1,1,0,0,0.805,0,1,0,0,0.759,0,1,0,0,0.636,0,1,0,0,0.861,0,1,0,0,1.496,0,1,0,0,0.897,0,1,0,0,0.79,0,1,0,0,0.781,0,2,0,0,0.823,0,1,0,0,0.771,0,2,0,0,0.721,0,2,0,0,0.879,0,2,0,0,0.863,0,2,0,0,0.812,0,2,0,0,0.912,0,2,0,0,0.698,0,2,0,0,0.854,0,2,0,0,0.777,0,2,0,0,0.904,0,2,0,0,0.883,0,1,0,0,0.754,0,1,0,0,0.802,0,1,0,0,0.627,0,1,0,0,0.726,0,1,0,0,0.67,0,1,0,0,0.93,0,2,0,0,0.82,0,2,0,0,0.744,0,1,0,0,0.761,0,1,0,0,1.258,0,2,0,0,0.762,0,2,0,0,0.672,0,2,0,0,0.637,0,2,0,0,0.741,0,2,0,0,0.624,0,2,0,0,0.858,0,2,0,0,0.802,0,2,0,0,0.88,0,2,0,0,0.719,0,2,0,0,0.553,0,2,1,English,1,n/a,29.953598022461,-90.102897644043,-1
R_ahZZOGMuJqHBtGd,1,2,1,1,1,0,0,0.766,0,1,0,0,0.833,0,1,0,0,0.827,0,1,0,0,0.947,0,1,0,0,0.542,0,1,0,0,0.518,0,1,0,0,0.985,0,1,0,0,0.746,0,1,0,0,0.73,0,1,0,0,0.721,0,1,0,0,0.656,0,1,0,0,0.954,0,1,0,0,0.921,0,1,0,0,0.925,0,1,0,0,0.857,0,1,0,0,0.648,0,1,0,0,0.684,0,1,0,0,0.616,0,1,0,0,0.591,0,1,0,0,0.704,0,2,0,0,1.004,0,2,0,0,1.193,0,2,0,0,0.635,0,2,0,0,0.651,0,2,0,0,0.692,0,2,0,0,0.982,0,1,0,0,0.582,0,2,0,0,0.998,0,2,0,0,0.579,0,2,0,0,0.606,0,2,0,0,0.794,0,2,0,0,0.623,0,2,0,0,0.668,0,2,0,0,0.853,0,2,0,0,0.704,0,2,0,0,0.88,0,2,0,0,0.75,0,2,0,0,0.641,0,2,0,0,0.76,0,2,0,0,0.73,0,1,1,2,2,1,1,0,0,0.896,0,2,0,0,1.335,0,1,0,0,0.965,0,2,0,0,0.87,0,1,0,0,0.719,0,1,0,0,0.901,0,1,0,0,0.873,0,1,0,0,0.899,0,,0,0,2.005,0,1,0,0,1.136,0,2,0,0,1.88,0,1,0,0,0.812,0,2,0,0,0.92,0,2,0,0,0.782,0,2,0,0,1.119,0,2,0,0,0.9,0,2,0,0,1.051,0,2,0,0,1.349,0,2,0,0,0.839,0,2,0,0,0.95,0,1,0,0,1.079,0,1,0,0,0.807,0,1,0,0,0.901,0,2,0,0,0.794,0,1,0,0,0.707,0,1,0,0,1.613,0,1,0,0,1.347,0,1,0,0,1.086,0,2,0,0,1.425,0,1,0,0,1.12,0,2,0,0,0.721,0,2,0,0,1.012,0,2,0,0,1.291,0,2,0,0,1.574,0,2,0,0,1.15,0,2,0,0,1.114,0,2,0,0,0.719,0,2,0,0,0.729,0,2,0,0,0.95,0,2,0,0,0.959,0,1,1,English,1,surprisingly tricky!,39.713195800781,-86.261703491211,-1
R_249FSn3J0TI9ZWt,1,2,1,1,1,0,0,0.776,0,1,0,0,0.787,0,1,0,0,1.2,0,1,0,0,0.868,0,1,0,0,1.1,0,1,0,0,0.742,0,1,0,0,0.912,0,1,0,0,1.338,0,1,0,0,0.723,0,1,0,0,0.947,0,1,0,0,1.116,0,1,0,0,0.801,0,1,0,0,0.915,0,1,0,0,0.741,0,2,0,0,0.788,0,1,0,0,0.594,0,1,0,0,0.853,0,1,0,0,0.895,0,1,0,0,0.665,0,1,0,0,0.692,0,2,0,0,0.702,0,2,0,0,0.965,0,2,0,0,0.683,0,2,0,0,0.748,0,2,0,0,0.798,0,2,0,0,0.849,0,2,0,0,0.641,0,2,0,0,0.637,0,2,0,0,0.588,0,2,0,0,0.872,0,2,0,0,0.72,0,2,0,0,0.731,0,2,0,0,0.822,0,2,0,0,0.582,0,2,0,0,0.783,0,2,0,0,0.584,0,2,0,0,0.923,0,2,0,0,0.612,0,2,0,0,0.903,0,2,0,0,1.06,0,1,2,1,2,1,1,0,0,0.745,0,1,0,0,1.035,0,1,0,0,0.72,0,2,0,0,0.788,0,1,0,0,0.975,0,1,0,0,0.9,0,1,0,0,1.643,0,1,0,0,0.841,0,1,0,0,1.751,0,1,0,0,1.134,0,2,0,0,1.048,0,2,0,0,1.458,0,2,0,0,1.396,0,1,0,0,1.154,0,2,0,0,0.848,0,2,0,0,1.36,0,2,0,0,1.012,0,2,0,0,0.988,0,2,0,0,0.898,0,2,0,0,0.807,0,1,0,0,0.958,0,1,0,0,0.899,0,1,0,0,0.719,0,1,0,0,0.768,0,1,0,0,0.882,0,1,0,0,0.735,0,1,0,0,1.417,0,1,0,0,0.933,0,1,0,0,0.988,0,1,0,0,1.038,0,2,0,0,0.746,0,2,0,0,1.232,0,2,0,0,1.305,0,2,0,0,0.9,0,2,0,0,0.925,0,2,0,0,1.006,0,2,0,0,1.124,0,2,0,0,0.927,0,2,0,0,1.256,0,2,0,0,1.08,0,1,2,english,1,thank you!,37.050506591797,-76.35230255127,-1
R_0H5BNGYtHbJlJLn,1,2,1,1,1,0,0,0.655,0,1,0,0,0.753,0,2,0,0,0.661,0,1,0,0,0.683,0,1,0,0,1.032,0,1,0,0,0.668,0,1,0,0,0.792,0,1,0,0,0.915,0,1,0,0,0.992,0,1,0,0,0.745,0,1,0,0,0.677,0,1,0,0,0.911,0,1,0,0,0.763,0,1,0,0,0.721,0,1,0,0,0.702,0,1,0,0,0.729,0,1,0,0,0.824,0,1,0,0,0.602,0,1,0,0,0.657,0,1,0,0,0.7,0,2,0,0,0.772,0,2,0,0,0.68,0,2,0,0,0.599,0,2,0,0,0.679,0,2,0,0,0.757,0,2,0,0,0.858,0,2,0,0,0.605,0,2,0,0,0.64,0,2,0,0,0.61,0,2,0,0,0.69,0,2,0,0,0.718,0,2,0,0,0.711,0,2,0,0,0.626,0,2,0,0,0.779,0,2,0,0,1.164,0,2,0,0,0.746,0,2,0,0,0.668,0,2,0,0,0.666,0,2,0,0,0.657,0,2,0,0,0.831,0,1,2,1,2,1,1,0,0,0.761,0,1,0,0,0.821,0,1,0,0,0.729,0,1,0,0,0.91,0,1,0,0,0.765,0,1,0,0,0.789,0,1,0,0,1.16,0,1,0,0,0.677,0,1,0,0,1.042,0,1,0,0,0.913,0,2,0,0,0.724,0,1,0,0,0.824,0,2,0,0,0.773,0,2,0,0,0.818,0,2,0,0,0.913,0,2,0,0,0.891,0,2,0,0,0.676,0,2,0,0,1.123,0,2,0,0,1.052,0,2,0,0,0.799,0,1,0,0,0.919,0,1,0,0,0.861,0,1,0,0,0.938,0,1,0,0,0.717,0,1,0,0,0.775,0,1,0,0,1.236,0,2,0,0,0.837,0,1,0,0,1.154,0,1,0,0,1.189,0,2,0,0,0.803,0,2,0,0,0.762,0,2,0,0,1.239,0,2,0,0,0.784,0,2,0,0,0.834,0,2,0,0,0.885,0,2,0,0,0.714,0,2,0,0,0.8,0,2,0,0,1.262,0,2,0,0,0.693,0,2,0,0,0.835,0,2,2,english,1,,45.136901855469,-122.8224029541,-1
R_20ntoiSqvPVfdTT,2,2,1,1,1,0,0,0.748,0,2,0,0,1.196,0,2,0,0,1.267,0,1,0,0,1.162,0,1,0,0,1.173,0,1,0,0,0.953,0,1,0,0,0.782,0,2,0,0,1.304,0,1,0,0,0.983,0,1,0,0,0.953,0,1,0,0,0.78,0,1,0,0,0.769,0,,0,0,2.004,0,1,0,0,0.828,0,1,0,0,1.18,0,1,0,0,0.894,0,1,0,0,1.106,0,1,0,0,0.723,0,1,0,0,1.249,0,1,0,0,1.022,0,2,0,0,1.068,0,2,0,0,1.079,0,2,0,0,1.087,0,2,0,0,0.708,0,2,0,0,1.043,0,2,0,0,0.981,0,2,0,0,1.243,0,2,0,0,1.026,0,2,0,0,1.051,0,2,0,0,0.897,0,2,0,0,1.301,0,2,0,0,0.836,0,2,0,0,0.854,0,2,0,0,1.151,0,2,0,0,1.198,0,2,0,0,1.13,0,2,0,0,1.195,0,2,0,0,0.701,0,2,0,0,1.121,0,1,0,0,1.449,0,1,2,1,2,1,1,0,0,0.957,0,1,0,0,1.163,0,1,0,0,1.242,0,1,0,0,1.811,0,1,0,0,1.212,0,1,0,0,0.894,0,1,0,0,0.923,0,1,0,0,1.764,0,2,0,0,1.528,0,1,0,0,1.707,0,2,0,0,1.249,0,2,0,0,1.571,0,2,0,0,1.341,0,1,0,0,1.179,0,2,0,0,1.918,0,,0,0,2.006,0,,0,0,2.005,0,2,0,0,0.827,0,1,0,0,0.986,0,2,0,0,1.111,0,1,0,0,1.292,0,1,0,0,1.48,0,2,0,0,1.013,0,1,0,0,1.595,0,1,0,0,1.181,0,1,0,0,1.221,0,,0,0,2.004,0,1,0,0,1.669,0,1,0,0,1.374,0,2,0,0,1.779,0,,0,0,2.005,0,2,0,0,1.13,0,2,0,0,1.185,0,2,0,0,1.752,0,2,0,0,1.496,0,,0,0,2.006,0,2,0,0,1.856,0,2,0,0,0.996,0,2,0,0,1.023,0,2,0,0,0.918,0,2,1,English,1,no,42.82600402832,-106.35230255127,-1
R_4H1Izll8EGknlaJ,1,2,1,1,1,0,0,0.785,0,2,0,0,0.763,0,1,0,0,1.39,0,1,0,0,0.948,0,1,0,0,0.887,0,1,0,0,0.888,0,1,0,0,1.088,0,1,0,0,0.823,0,1,0,0,0.92,0,1,0,0,1.085,0,1,0,0,0.897,0,1,0,0,1.022,0,1,0,0,0.923,0,1,0,0,0.976,0,1,0,0,0.932,0,1,0,0,1.008,0,1,0,0,0.993,0,1,0,0,0.886,0,1,0,0,0.954,0,1,0,0,0.866,0,2,0,0,0.92,0,2,0,0,1.02,0,2,0,0,0.831,0,2,0,0,0.964,0,2,0,0,0.853,0,2,0,0,0.958,0,2,0,0,1.186,0,2,0,0,0.825,0,2,0,0,0.861,0,2,0,0,0.944,0,2,0,0,1.363,0,2,0,0,0.916,0,2,0,0,0.919,0,2,0,0,1.05,0,2,0,0,1.02,0,2,0,0,0.939,0,2,0,0,0.861,0,2,0,0,0.999,0,2,0,0,1.011,0,2,0,0,0.88,0,1,2,1,2,1,1,0,0,0.927,0,1,0,0,1.022,0,1,0,0,0.905,0,1,0,0,1.114,0,2,0,0,0.769,0,1,0,0,1.075,0,1,0,0,0.962,0,1,0,0,1.073,0,1,0,0,1.298,0,1,0,0,1.192,0,2,0,0,1.025,0,2,0,0,1.184,0,2,0,0,1.813,0,2,0,0,0.979,0,2,0,0,1.916,0,2,0,0,1.332,0,2,0,0,1.136,0,2,0,0,0.867,0,2,0,0,0.823,0,2,0,0,0.814,0,1,0,0,0.972,0,1,0,0,0.969,0,1,0,0,1.056,0,1,0,0,1.123,0,1,0,0,1.165,0,1,0,0,0.978,0,2,0,0,1.244,0,1,0,0,1.058,0,1,0,0,0.902,0,1,0,0,1.284,0,2,0,0,1.134,0,2,0,0,0.812,0,1,0,0,0.941,0,2,0,0,1.344,0,2,0,0,1.138,0,2,0,0,0.907,0,2,0,0,1.181,0,2,0,0,0.989,0,2,0,0,1.267,0,1,0,0,0.948,0,1,3,English,1,,41.551406860352,-73.065200805664,-1
R_8hTzTWhIt3n7AHz,1,2,1,1,1,0,0,0.632,0,1,0,0,0.793,0,1,0,0,0.831,0,1,0,0,0.987,0,1,0,0,0.684,0,1,0,0,0.874,0,1,0,0,0.794,0,1,0,0,0.96,0,1,0,0,0.929,0,1,0,0,0.668,0,1,0,0,0.606,0,1,0,0,1.16,0,1,0,0,0.766,0,1,0,0,0.599,0,1,0,0,0.75,0,1,0,0,0.573,0,1,0,0,0.677,0,1,0,0,0.776,0,1,0,0,0.539,0,1,0,0,0.722,0,2,0,0,0.634,0,2,0,0,0.626,0,2,0,0,0.741,0,2,0,0,0.86,0,2,0,0,0.637,0,2,0,0,0.711,0,2,0,0,1.743,0,2,0,0,1.076,0,2,0,0,0.623,0,2,0,0,0.718,0,2,0,0,0.738,0,2,0,0,0.723,0,2,0,0,0.663,0,2,0,0,0.919,0,2,0,0,0.641,0,2,0,0,1.178,0,2,0,0,0.574,0,2,0,0,0.602,0,2,0,0,0.653,0,2,0,0,0.628,0,1,2,1,2,1,1,0,0,0.729,0,1,0,0,0.781,0,1,0,0,1.088,0,1,0,0,0.807,0,1,0,0,1.052,0,1,0,0,1.023,0,1,0,0,0.724,0,1,0,0,0.747,0,1,0,0,0.933,0,1,0,0,1.299,0,2,0,0,0.671,0,2,0,0,0.854,0,2,0,0,1.39,0,2,0,0,0.955,0,2,0,0,0.725,0,2,0,0,0.653,0,2,0,0,0.878,0,1,0,0,1.704,0,2,0,0,0.706,0,2,0,0,1.235,0,1,0,0,0.817,0,1,0,0,0.813,0,1,0,0,0.785,0,1,0,0,1.186,0,1,0,0,0.902,0,1,0,0,1.134,0,1,0,0,1.358,0,1,0,0,1.122,0,1,0,0,0.817,0,1,0,0,0.882,0,2,0,0,0.912,0,2,0,0,0.863,0,2,0,0,1.049,0,2,0,0,0.946,0,2,0,0,0.911,0,2,0,0,0.894,0,2,0,0,0.717,0,2,0,0,0.905,0,2,0,0,0.857,0,2,0,0,0.905,0,2,1,English,2,Very straightforward.Thank you!,43.614700317383,-84.792701721191,-1
R_1MqpDS8VpRmCxGR,1,2,1,1,1,0,0,0.763,0,1,0,0,0.599,0,1,0,0,0.976,0,2,0,0,0.691,0,1,0,0,0.639,0,1,0,0,0.75,0,1,0,0,0.629,0,1,0,0,1.065,0,1,0,0,1.066,0,1,0,0,0.722,0,1,0,0,0.657,0,2,0,0,0.668,0,1,0,0,0.776,0,1,0,0,0.964,0,1,0,0,0.784,0,1,0,0,0.736,0,1,0,0,0.875,0,1,0,0,0.848,0,1,0,0,0.777,0,1,0,0,0.635,0,1,0,0,1.013,0,2,0,0,0.893,0,1,0,0,1.023,0,2,0,0,0.704,0,2,0,0,1.08,0,2,0,0,1.34,0,2,0,0,0.688,0,2,0,0,0.768,0,2,0,0,0.808,0,2,0,0,0.621,0,1,0,0,1.174,0,2,0,0,1.309,0,2,0,0,1.567,0,2,0,0,1.053,0,2,0,0,0.744,0,2,0,0,0.869,0,2,0,0,0.707,0,2,0,0,1.071,0,2,0,0,1.178,0,2,0,0,0.744,0,1,2,1,2,1,1,0,0,1.542,0,1,0,0,0.973,0,1,0,0,1.216,0,2,0,0,0.61,0,2,0,0,0.813,0,1,0,0,1.047,0,1,0,0,0.82,0,1,0,0,1.092,0,2,0,0,1.035,0,1,0,0,1.342,0,2,0,0,1.062,0,2,0,0,0.747,0,2,0,0,0.941,0,,0,0,2.006,0,2,0,0,0.943,0,2,0,0,0.917,0,2,0,0,0.988,0,1,0,0,1.266,0,2,0,0,1.002,0,2,0,0,0.671,0,1,0,0,0.974,0,1,0,0,0.868,0,1,0,0,0.755,0,1,0,0,0.916,0,2,0,0,0.735,0,,0,0,2.048,0,2,0,0,0.942,0,1,0,0,1.713,0,1,0,0,0.92,0,2,0,0,1.377,0,2,0,0,0.86,0,2,0,0,0.924,0,2,0,0,0.871,0,2,0,0,0.668,0,2,0,0,0.798,0,2,0,0,0.995,0,2,0,0,1.02,0,2,0,0,0.979,0,2,0,0,0.838,0,2,0,0,0.856,0,1,1,english,1,,40.817199707031,-81.438499450684,-1
R_3XikxXHI9f3RNY1,1,1,2,1,1,0,0,1.034,0,1,0,0,1.09,0,,0,0,2.009,0,1,0,0,1.272,0,1,0,0,1.39,0,1,0,0,0.732,0,1,0,0,1.282,0,1,0,0,1.022,0,1,0,0,1.198,0,1,0,0,1.095,0,1,0,0,0.673,0,,0,0,2.009,0,1,0,0,0.857,0,1,0,0,0.94,0,1,0,0,0.425,0,1,0,0,0.114,0,1,0,0,1.147,0,1,0,0,0.872,0,1,0,0,1.39,0,1,0,0,1.034,0,2,0,0,1.058,0,2,0,0,0.91,0,2,0,0,1.01,0,2,0,0,0.882,0,2,0,0,0.827,0,2,0,0,0.848,0,,0,0,2.011,0,2,0,0,0.763,0,2,0,0,0.826,0,2,0,0,0.747,0,2,0,0,1.193,0,2,0,0,1.078,0,2,0,0,0.808,0,2,0,0,0.955,0,2,0,0,1.165,0,2,0,0,0.933,0,2,0,0,1.03,0,2,0,0,0.829,0,2,0,0,0.787,0,2,0,0,1.68,0,1,2,1,2,1,1,0,0,0.697,0,1,0,0,0.886,0,1,0,0,1.215,0,2,0,0,0.941,0,1,0,0,0.868,0,1,0,0,1.541,0,1,0,0,1.109,0,1,0,0,1.017,0,1,0,0,0.298,0,1,0,0,0.996,0,1,0,0,0.77,0,,0,0,2.009,0,2,0,0,1.934,0,2,0,0,1.052,0,2,0,0,0.975,0,2,0,0,1.255,0,2,0,0,1.199,0,2,0,0,0.835,0,2,0,0,0.896,0,2,0,0,0.994,0,1,0,0,1.091,0,1,0,0,0.889,0,1,0,0,1.586,0,1,0,0,0.935,0,2,0,0,0.294,0,1,0,0,1.113,0,1,0,0,1.685,0,1,0,0,1.042,0,,0,0,2.01,0,,0,0,2.009,0,2,0,0,1.508,0,2,0,0,1.329,0,1,0,0,1.467,0,2,0,0,1.604,0,2,0,0,0.985,0,2,0,0,1.045,0,2,0,0,0.955,0,2,0,0,1.386,0,2,0,0,0.871,0,2,0,0,1.014,0,2,4,English,1,I knew as soon as I made mistakes in the last section.  It seemed like it went faster.,40.317794799805,-79.717697143555,-1
R_bawhqfyJXOGMbZz,1,2,1,1,1,0,0,0.755,0,1,0,0,0.764,0,1,0,0,1.022,0,1,0,0,0.765,0,1,0,0,1.13,0,1,0,0,0.839,0,1,0,0,0.947,0,1,0,0,0.802,0,1,0,0,0.814,0,2,0,0,0.806,0,1,0,0,0.67,0,1,0,0,0.785,0,1,0,0,0.777,0,1,0,0,0.65,0,1,0,0,0.803,0,1,0,0,0.652,0,1,0,0,0.75,0,1,0,0,0.85,0,1,0,0,0.608,0,1,0,0,0.717,0,2,0,0,0.757,0,2,0,0,1.017,0,2,0,0,0.77,0,2,0,0,0.665,0,2,0,0,0.671,0,2,0,0,0.767,0,2,0,0,0.739,0,2,0,0,0.865,0,2,0,0,0.658,0,2,0,0,0.68,0,2,0,0,0.992,0,2,0,0,0.78,0,2,0,0,0.686,0,2,0,0,0.712,0,2,0,0,0.957,0,2,0,0,0.647,0,2,0,0,0.839,0,2,0,0,0.979,0,2,0,0,0.827,0,2,0,0,0.797,0,1,2,1,2,1,1,0,0,0.738,0,1,0,0,0.988,0,1,0,0,0.772,0,1,0,0,0.982,0,1,0,0,0.826,0,1,0,0,0.888,0,1,0,0,0.758,0,1,0,0,0.717,0,1,0,0,1.212,0,1,0,0,1.142,0,2,0,0,0.862,0,2,0,0,0.95,0,2,0,0,0.894,0,2,0,0,0.798,0,2,0,0,0.904,0,2,0,0,0.733,0,2,0,0,0.918,0,2,0,0,0.775,0,2,0,0,0.669,0,2,0,0,0.796,0,1,0,0,0.778,0,1,0,0,0.757,0,1,0,0,1.103,0,1,0,0,0.914,0,1,0,0,1.097,0,1,0,0,0.938,0,1,0,0,1.375,0,1,0,0,1.07,0,1,0,0,0.67,0,1,0,0,0.999,0,2,0,0,0.822,0,2,0,0,0.841,0,2,0,0,1.198,0,2,0,0,0.867,0,2,0,0,0.881,0,2,0,0,0.792,0,2,0,0,0.853,0,2,0,0,0.746,0,2,0,0,0.717,0,2,0,0,1.128,0,1,1,english,2,no,35.725006103516,-80.906898498535,-1
R_9STal68um6rtI45,1,2,1,1,1,0,0,1.152,0,,0,0,2.002,0,1,0,0,1.343,0,2,0,0,1.895,0,1,0,0,1.198,0,1,0,0,1.116,0,1,0,0,1.423,0,1,0,0,1.542,0,1,0,0,1.797,0,1,0,0,1.064,0,1,0,0,1.371,0,2,0,0,1.724,0,1,0,0,1.216,0,1,0,0,1.743,0,1,0,0,1.251,0,1,0,0,1.066,0,1,0,0,1.256,0,1,0,0,0.874,0,1,0,0,1.332,0,,0,0,2.003,0,2,0,0,1.734,0,2,0,0,1.43,0,2,0,0,1.32,0,2,0,0,1.653,0,2,0,0,0.883,0,2,0,0,1.084,0,1,0,0,0.24,0,2,0,0,1.529,0,2,0,0,1.361,0,,0,0,2.003,0,2,0,0,1.701,0,2,0,0,0.939,0,2,0,0,1.577,0,2,0,0,1.346,0,2,0,0,1.514,0,2,0,0,1.096,0,,0,0,2.003,0,2,0,0,1.02,0,2,0,0,1.568,0,2,0,0,1.689,0,1,2,1,2,1,1,0,0,1.463,0,2,0,0,1.244,0,1,0,0,1.206,0,1,0,0,1.856,0,1,0,0,1.843,0,1,0,0,1.256,0,1,0,0,1.34,0,1,0,0,1.192,0,1,0,0,1.62,0,1,0,0,1.035,0,,0,0,2.002,0,1,0,0,1.075,0,2,0,0,1.458,0,2,0,0,1.21,0,2,0,0,1.032,0,2,0,0,1.833,0,2,0,0,1.115,0,2,0,0,1.134,0,2,0,0,1.126,0,2,0,0,1.095,0,1,0,0,1.835,0,1,0,0,1.618,0,1,0,0,1.029,0,1,0,0,1.148,0,1,0,0,1.098,0,1,0,0,1.663,0,1,0,0,1.46,0,1,0,0,1.172,0,1,0,0,1.506,0,,0,0,2.004,0,2,0,0,1.179,0,2,0,0,1.147,0,2,0,0,1.437,0,2,0,0,1.987,0,2,0,0,1.441,0,2,0,0,1.391,0,2,0,0,1.43,0,2,0,0,1.126,0,2,0,0,1.507,0,2,0,0,0.935,0,2,2,Englixsh,2,I am not awake yet,41.753005981445,-83.631896972656,-1
R_3NMmCSjk8xZPyHH,1,2,1,1,1,0,0,1.238,0,1,0,0,1.283,0,1,0,0,1.282,0,1,0,0,1.282,0,1,0,0,1.355,0,1,0,0,1.419,0,1,0,0,1.354,0,1,0,0,1.432,0,,0,0,2.002,0,1,0,0,1.586,0,1,0,0,1.672,0,1,0,0,1.581,0,1,0,0,1.377,0,1,0,0,1.205,0,1,0,0,2.259,0,1,0,0,1.942,0,1,0,0,1.18,0,1,0,0,1.184,0,1,0,0,1.423,0,1,0,0,1.184,0,2,0,0,1.414,0,2,0,0,1.798,0,2,0,0,1.356,0,2,0,0,1.19,0,2,0,0,1.376,0,2,0,0,1.671,0,2,0,0,1.59,0,2,0,0,1.953,0,2,0,0,1.449,0,2,0,0,1.381,0,2,0,0,2.01,0,2,0,0,0.784,0,2,0,0,1.251,0,2,0,0,1.289,0,2,0,0,1.293,0,2,0,0,1.322,0,2,0,0,1.592,0,,0,0,2.002,0,2,0,0,1.65,0,2,0,0,3.311,0,1,2,1,2,1,1,0,0,1.18,0,1,0,0,1.715,0,1,0,0,1.349,0,1,0,0,1.632,0,1,0,0,1.303,0,1,0,0,1.687,0,1,0,0,1.456,0,1,0,0,1.292,0,,0,0,2.003,0,1,0,0,1.366,0,2,0,0,2.569,0,2,0,0,1.56,0,2,0,0,1.777,0,2,0,0,1.423,0,2,0,0,1.397,0,2,0,0,1.298,0,2,0,0,1.446,0,2,0,0,1.183,0,2,0,0,1.286,0,2,0,0,1.309,0,1,0,0,1.277,0,1,0,0,1.521,0,1,0,0,1.568,0,1,0,0,1.343,0,1,0,0,1.356,0,1,0,0,1.531,0,1,0,0,1.639,0,1,0,0,1.595,0,1,0,0,3.061,0,1,0,0,1.656,0,2,0,0,1.217,0,,0,0,2.003,0,2,0,0,2.624,0,2,0,0,1.713,0,2,0,0,1.371,0,2,0,0,1.627,0,2,0,0,1.375,0,2,0,0,1.346,0,2,0,0,1.439,0,2,0,0,1.839,0,2,4,english,1,no,26.022201538086,-80.149597167969,-1
R_6zMVC9kuhl7oD5j,1,2,1,1,1,0,0,0.763,0,1,0,0,1.453,0,1,0,0,0.574,0,1,0,0,1.101,0,1,0,0,0.628,0,1,0,0,0.603,0,1,0,0,0.968,0,1,0,0,0.96,0,2,0,0,0.496,0,1,0,0,0.824,0,1,0,0,0.56,0,1,0,0,0.736,0,1,0,0,0.764,0,1,0,0,0.633,0,1,0,0,0.629,0,1,0,0,0.625,0,1,0,0,1.093,0,1,0,0,0.702,0,1,0,0,0.621,0,1,0,0,0.89,0,2,0,0,0.776,0,2,0,0,0.547,0,2,0,0,0.73,0,2,0,0,0.83,0,2,0,0,0.652,0,2,0,0,0.666,0,2,0,0,0.729,0,2,0,0,0.605,0,2,0,0,0.73,0,2,0,0,0.857,0,2,0,0,0.83,0,1,0,0,0.626,0,1,0,0,0.657,0,2,0,0,0.757,0,2,0,0,0.86,0,2,0,0,0.859,0,2,0,0,0.583,0,2,0,0,0.892,0,2,0,0,0.676,0,2,0,0,0.773,0,1,2,1,2,1,1,0,0,0.702,0,2,0,0,0.726,0,1,0,0,0.692,0,2,0,0,0.599,0,1,0,0,0.841,0,1,0,0,0.773,0,1,0,0,1.308,0,1,0,0,0.834,0,2,0,0,0.556,0,1,0,0,0.646,0,1,0,0,0.644,0,2,0,0,0.85,0,2,0,0,0.907,0,2,0,0,1.149,0,2,0,0,0.982,0,2,0,0,1.106,0,2,0,0,1.107,0,2,0,0,1.453,0,2,0,0,0.689,0,2,0,0,0.706,0,1,0,0,0.717,0,1,0,0,0.769,0,1,0,0,1.779,0,1,0,0,0.6,0,2,0,0,0.693,0,1,0,0,1.034,0,1,0,0,0.936,0,2,0,0,0.988,0,1,0,0,0.821,0,1,0,0,0.891,0,2,0,0,0.655,0,2,0,0,0.798,0,2,0,0,1.013,0,2,0,0,0.769,0,2,0,0,0.609,0,2,0,0,1.498,0,2,0,0,0.791,0,2,0,0,0.769,0,2,0,0,0.589,0,2,0,0,0.846,0,2,1,English,1,No.,41.341796875,-73.23169708252,-1
R_9ua0FR0zNLyRqa9,1,2,1,1,1,0,0,1.012,0,1,0,0,1.035,0,1,0,0,0.884,0,1,0,0,1.007,0,1,0,0,0.629,0,1,0,0,0.659,0,1,0,0,0.839,0,1,0,0,1.356,0,1,0,0,0.598,0,1,0,0,0.89,0,1,0,0,0.525,0,1,0,0,0.697,0,1,0,0,0.648,0,1,0,0,0.595,0,2,0,0,1.044,0,1,0,0,0.756,0,1,0,0,0.747,0,1,0,0,0.629,0,1,0,0,1.137,0,1,0,0,0.903,0,,0,0,2.006,0,2,0,0,0.714,0,2,0,0,0.849,0,2,0,0,0.951,0,2,0,0,1.001,0,2,0,0,0.768,0,2,0,0,0.857,0,2,0,0,0.706,0,2,0,0,1.504,0,2,0,0,0.826,0,2,0,0,0.669,0,2,0,0,0.851,0,,0,0,2.005,0,,0,0,2.005,0,2,0,0,0.674,0,2,0,0,1.476,0,2,0,0,0.615,0,2,0,0,0.764,0,2,0,0,0.698,0,2,0,0,0.629,0,1,2,1,2,1,1,0,0,0.818,0,1,0,0,1.049,0,1,0,0,1.438,0,1,0,0,0.918,0,1,0,0,0.706,0,1,0,0,0.725,0,1,0,0,0.657,0,1,0,0,0.691,0,2,0,0,1.05,0,1,0,0,0.7,0,2,0,0,1.055,0,2,0,0,0.897,0,2,0,0,1.037,0,2,0,0,0.735,0,2,0,0,0.803,0,2,0,0,0.84,0,2,0,0,0.718,0,2,0,0,0.851,0,2,0,0,0.817,0,2,0,0,0.766,0,1,0,0,0.978,0,1,0,0,0.582,0,1,0,0,0.692,0,1,0,0,0.615,0,1,0,0,1.088,0,1,0,0,0.837,0,1,0,0,1.447,0,1,0,0,0.916,0,1,0,0,0.985,0,1,0,0,0.897,0,2,0,0,0.779,0,2,0,0,0.739,0,2,0,0,1.054,0,2,0,0,0.728,0,2,0,0,0.811,0,2,0,0,0.943,0,2,0,0,0.748,0,2,0,0,0.825,0,2,0,0,0.793,0,2,0,0,0.673,0,2,1,English,1,nope,40.075393676758,-76.318901062012,-1
R_eyQ92M2faxNQWFf,1,2,1,1,1,0,0,0.933,0,1,0,0,0.989,0,1,0,0,1.454,0,1,0,0,1,0,1,0,0,0.973,0,1,0,0,0.99,0,1,0,0,1.226,0,1,0,0,0.997,0,1,0,0,1.01,0,1,0,0,0.875,0,1,0,0,1.482,0,1,0,0,1.229,0,1,0,0,1.322,0,1,0,0,0.996,0,1,0,0,1.048,0,1,0,0,0.829,0,1,0,0,1.075,0,1,0,0,0.889,0,1,0,0,0.924,0,1,0,0,0.86,0,2,0,0,1.346,0,2,0,0,0.996,0,2,0,0,1.18,0,2,0,0,1.003,0,2,0,0,0.89,0,2,0,0,1.051,0,2,0,0,1.115,0,2,0,0,1.301,0,2,0,0,0.857,0,2,0,0,0.785,0,2,0,0,1,0,2,0,0,0.849,0,2,0,0,0.782,0,1,0,0,1.141,0,2,0,0,0.969,0,2,0,0,1.253,0,2,0,0,0.954,0,2,0,0,0.83,0,2,0,0,1.09,0,2,0,0,1.038,0,1,2,1,1,1,1,0,0,1.094,0,1,0,0,1.747,0,1,0,0,0.952,0,1,0,0,1.186,0,1,0,0,0.896,0,1,0,0,0.872,0,1,0,0,1.042,0,1,0,0,1.091,0,1,0,0,1.567,0,1,0,0,1.251,0,2,0,0,1.04,0,2,0,0,1.575,0,2,0,0,1.022,0,2,0,0,0.92,0,2,0,0,0.917,0,2,0,0,1.196,0,2,0,0,1.122,0,2,0,0,0.909,0,1,0,0,1.041,0,2,0,0,0.949,0,1,0,0,1.257,0,1,0,0,1.277,0,1,0,0,1.105,0,1,0,0,1.201,0,1,0,0,1.094,0,1,0,0,1.444,0,1,0,0,1.604,0,1,0,0,1.375,0,1,0,0,1.626,0,1,0,0,1.012,0,2,0,0,1.329,0,,0,0,2.009,0,2,0,0,1.145,0,2,0,0,1.193,0,2,0,0,1.031,0,2,0,0,1.031,0,2,0,0,1.062,0,2,0,0,1.129,0,2,0,0,1.172,0,2,0,0,1.046,0,2,2,english,1,,28.538299560547,-81.379203796387,-1
R_7379KPKAfmA5Sy9,1,2,1,1,1,0,0,1.185,0,1,0,0,0.858,0,1,0,0,0.907,0,1,0,0,0.744,0,1,0,0,1.13,0,1,0,0,0.652,0,1,0,0,1.248,0,1,0,0,1.04,0,1,0,0,0.893,0,1,0,0,1.279,0,1,0,0,0.654,0,1,0,0,1.126,0,1,0,0,0.784,0,1,0,0,0.795,0,1,0,0,0.727,0,1,0,0,0.729,0,1,0,0,0.838,0,1,0,0,0.585,0,1,0,0,0.854,0,1,0,0,0.661,0,2,0,0,0.886,0,2,0,0,0.799,0,2,0,0,0.688,0,2,0,0,1.192,0,2,0,0,0.56,0,2,0,0,0.581,0,2,0,0,1.285,0,2,0,0,0.862,0,2,0,0,0.807,0,2,0,0,0.782,0,1,0,0,1.606,0,2,0,0,0.702,0,2,0,0,0.983,0,2,0,0,0.705,0,2,0,0,1.309,0,2,0,0,0.644,0,2,0,0,0.726,0,2,0,0,0.882,0,2,0,0,0.678,0,2,0,0,0.665,0,1,2,1,2,1,1,0,0,0.864,0,1,0,0,0.831,0,2,0,0,1.41,0,1,0,0,1.156,0,1,0,0,1.302,0,2,0,0,0.79,0,1,0,0,1.332,0,1,0,0,1.384,0,2,0,0,1.106,0,1,0,0,1.459,0,2,0,0,1.341,0,2,0,0,1.441,0,2,0,0,1.052,0,2,0,0,1.218,0,2,0,0,1.019,0,2,0,0,0.831,0,2,0,0,0.72,0,2,0,0,0.702,0,2,0,0,0.874,0,2,0,0,0.797,0,1,0,0,0.914,0,1,0,0,1.548,0,1,0,0,1.328,0,1,0,0,1.185,0,1,0,0,0.828,0,,0,0,2.013,0,1,0,0,1.515,0,1,0,0,1.081,0,1,0,0,0.826,0,,0,0,2.009,0,2,0,0,0.86,0,2,0,0,1.377,0,,0,0,2.007,0,2,0,0,1.02,0,2,0,0,0.868,0,2,0,0,1.148,0,2,0,0,1.28,0,,0,0,2.006,0,2,0,0,1.756,0,2,0,0,1.344,0,2,2,English,1,Thank you,42.970306396484,-72.279998779297,-1