V1,V2,V3,V4,V5,V6,V7,V8,V9,V10,Q2,Q4_1,Q87_1,Q87_2,Q87_3,Q87_4,Q3_1,Q86_1,Q86_2,Q86_3,Q86_4,Q4_1,Q88_1,Q88_2,Q88_3,Q88_4,Q5_1,Q89_1,Q89_2,Q89_3,Q89_4,Q6_1,Q90_1,Q90_2,Q90_3,Q90_4,Q7_1,Q91_1,Q91_2,Q91_3,Q91_4,Q8_1,Q92_1,Q92_2,Q92_3,Q92_4,Q9_1,Q93_1,Q93_2,Q93_3,Q93_4,Q10_1,Q94_1,Q94_2,Q94_3,Q94_4,Q11_1,Q95_1,Q95_2,Q95_3,Q95_4,Q12_1,Q96_1,Q96_2,Q96_3,Q96_4,Q13_1,Q97_1,Q97_2,Q97_3,Q97_4,Q14_1,Q98_1,Q98_2,Q98_3,Q98_4,Q15_1,Q99_1,Q99_2,Q99_3,Q99_4,Q16_1,Q100_1,Q100_2,Q100_3,Q100_4,Q17_1,Q101_1,Q101_2,Q101_3,Q101_4,Q18_1,Q102_1,Q102_2,Q102_3,Q102_4,Q19_1,Q103_1,Q103_2,Q103_3,Q103_4,Q20_1,Q104_1,Q104_2,Q104_3,Q104_4,Q21_1,Q105_1,Q105_2,Q105_3,Q105_4,Q22_1,Q106_1,Q106_2,Q106_3,Q106_4,Q23_1,Q107_1,Q107_2,Q107_3,Q107_4,Q24_1,Q108_1,Q108_2,Q108_3,Q108_4,Q25_1,Q109_1,Q109_2,Q109_3,Q109_4,Q26_1,Q110_1,Q110_2,Q110_3,Q110_4,Q27_1,Q111_1,Q111_2,Q111_3,Q111_4,Q28_1,Q112_1,Q112_2,Q112_3,Q112_4,Q29_1,Q113_1,Q113_2,Q113_3,Q113_4,Q30_1,Q114_1,Q114_2,Q114_3,Q114_4,Q31_1,Q115_1,Q115_2,Q115_3,Q115_4,Q32_1,Q116_1,Q116_2,Q116_3,Q116_4,Q33_1,Q117_1,Q117_2,Q117_3,Q117_4,Q34_1,Q118_1,Q118_2,Q118_3,Q118_4,Q35_1,Q119_1,Q119_2,Q119_3,Q119_4,Q36_1,Q120_1,Q120_2,Q120_3,Q120_4,Q37_1,Q121_1,Q121_2,Q121_3,Q121_4,Q38_1,Q122_1,Q122_2,Q122_3,Q122_4,Q39_1,Q123_1,Q123_2,Q123_3,Q123_4,Q40_1,Q124_1,Q124_2,Q124_3,Q124_4,Q41_1,Q125_1,Q125_2,Q125_3,Q125_4,Q42_1,Q126_1,Q126_2,Q126_3,Q126_4,Q43_1,Q127_1,Q127_2,Q127_3,Q127_4,Q44_1,Q128_1,Q128_2,Q128_3,Q128_4,Q45_1,Q129_1,Q129_2,Q129_3,Q129_4,Q46_1,Q130_1,Q130_2,Q130_3,Q130_4,Q47_1,Q131_1,Q131_2,Q131_3,Q131_4,Q48_1,Q132_1,Q132_2,Q132_3,Q132_4,Q49_1,Q133_1,Q133_2,Q133_3,Q133_4,Q50_1,Q134_1,Q134_2,Q134_3,Q134_4,Q51_1,Q135_1,Q135_2,Q135_3,Q135_4,Q52_1,Q136_1,Q136_2,Q136_3,Q136_4,Q53_1,Q137_1,Q137_2,Q137_3,Q137_4,Q54_1,Q138_1,Q138_2,Q138_3,Q138_4,Q55_1,Q139_1,Q139_2,Q139_3,Q139_4,Q56_1,Q140_1,Q140_2,Q140_3,Q140_4,Q57_1,Q141_1,Q141_2,Q141_3,Q141_4,Q58_1,Q142_1,Q142_2,Q142_3,Q142_4,Q59_1,Q143_1,Q143_2,Q143_3,Q143_4,Q60_1,Q144_1,Q144_2,Q144_3,Q144_4,Q61_1,Q145_1,Q145_2,Q145_3,Q145_4,Q62_1,Q146_1,Q146_2,Q146_3,Q146_4,Q63_1,Q147_1,Q147_2,Q147_3,Q147_4,Q64_1,Q148_1,Q148_2,Q148_3,Q148_4,Q65_1,Q149_1,Q149_2,Q149_3,Q149_4,Q66_1,Q150_1,Q150_2,Q150_3,Q150_4,Q67_1,Q151_1,Q151_2,Q151_3,Q151_4,Q68_1,Q152_1,Q152_2,Q152_3,Q152_4,Q69_1,Q153_1,Q153_2,Q153_3,Q153_4,Q70_1,Q154_1,Q154_2,Q154_3,Q154_4,Q71_1,Q155_1,Q155_2,Q155_3,Q155_4,Q72_1,Q156_1,Q156_2,Q156_3,Q156_4,Q73_1,Q157_1,Q157_2,Q157_3,Q157_4,Q74_1,Q158_1,Q158_2,Q158_3,Q158_4,Q75_1,Q159_1,Q159_2,Q159_3,Q159_4,Q76_1,Q160_1,Q160_2,Q160_3,Q160_4,Q77_1,Q161_1,Q161_2,Q161_3,Q161_4,Q78_1,Q162_1,Q162_2,Q162_3,Q162_4,Q79_1,Q163_1,Q163_2,Q163_3,Q163_4,Q80_1,Q164_1,Q164_2,Q164_3,Q164_4,Q81_1,Q165_1,Q165_2,Q165_3,Q165_4,Q83,Q85,Q87,Q89,LocationLatitude,LocationLongitude,LocationAccuracy,
ResponseID,ResponseSet,Name,ExternalDataReference,EmailAddress,IPAddress,Status,StartDate,EndDate,Finished,"Please read the following agreement to participate. If you / agree with the conditions, simply click ""next"" to consent and / continue with the experiment. After completing the experiment, you / will be g...",to repair - to corrode-To which degree are the two meanings similar to each other?,Timing-First Click,Timing-Last Click,Timing-Page Submit,Timing-Click Count,to slash - to decorate-To which degree are the two meanings similar to each other?,Timing-First Click,Timing-Last Click,Timing-Page Submit,Timing-Click Count,to build - to knife-To which degree are the two meanings similar to each other?,Timing-First Click,Timing-Last Click,Timing-Page Submit,Timing-Click Count,to dismay - to content-To which degree are the two meanings similar to each other?,Timing-First Click,Timing-Last Click,Timing-Page Submit,Timing-Click Count,to like - to criticize-To which degree are the two meanings similar to each other?,Timing-First Click,Timing-Last Click,Timing-Page Submit,Timing-Click Count,to worry - to appreciate-To which degree are the two meanings similar to each other?,Timing-First Click,Timing-Last Click,Timing-Page Submit,Timing-Click Count,to sculpt - to thrill-To which degree are the two meanings similar to each other?,Timing-First Click,Timing-Last Click,Timing-Page Submit,Timing-Click Count,to admire - to produce-To which degree are the two meanings similar to each other?,Timing-First Click,Timing-Last Click,Timing-Page Submit,Timing-Click Count,to hug - to respect-To which degree are the two meanings similar to each other?,Timing-First Click,Timing-Last Click,Timing-Page Submit,Timing-Click Count,to offend - to destroy-To which degree are the two meanings similar to each other?,Timing-First Click,Timing-Last Click,Timing-Page Submit,Timing-Click Count,to slaughter - to lament-To which degree are the two meanings similar to each other?,Timing-First Click,Timing-Last Click,Timing-Page Submit,Timing-Click Count,to distress - to smash-To which degree are the two meanings similar to each other?,Timing-First Click,Timing-Last Click,Timing-Page Submit,Timing-Click Count,to twinkle - to pet-To which degree are the two meanings similar to each other?,Timing-First Click,Timing-Last Click,Timing-Page Submit,Timing-Click Count,to cherish - to impress-To which degree are the two meanings similar to each other?,Timing-First Click,Timing-Last Click,Timing-Page Submit,Timing-Click Count,to delete - to pollute-To which degree are the two meanings similar to each other?,Timing-First Click,Timing-Last Click,Timing-Page Submit,Timing-Click Count,to dread - to displease-To which degree are the two meanings similar to each other?,Timing-First Click,Timing-Last Click,Timing-Page Submit,Timing-Click Count,to cuddle - to mourn-To which degree are the two meanings similar to each other?,Timing-First Click,Timing-Last Click,Timing-Page Submit,Timing-Click Count,to loathe - to caress-To which degree are the two meanings similar to each other?,Timing-First Click,Timing-Last Click,Timing-Page Submit,Timing-Click Count,to praise - to pulverize-To which degree are the two meanings similar to each other?,Timing-First Click,Timing-Last Click,Timing-Page Submit,Timing-Click Count,to dirty - to adore-To which degree are the two meanings similar to each other?,Timing-First Click,Timing-Last Click,Timing-Page Submit,Timing-Click Count,to knife - to repair-To which degree are the two meanings similar to each other?,Timing-First Click,Timing-Last Click,Timing-Page Submit,Timing-Click Count,to caress - to destroy-To which degree are the two meanings similar to each other?,Timing-First Click,Timing-Last Click,Timing-Page Submit,Timing-Click Count,to pulverize - to produce-To which degree are the two meanings similar to each other?,Timing-First Click,Timing-Last Click,Timing-Page Submit,Timing-Click Count,to adore - to distress-To which degree are the two meanings similar to each other?,Timing-First Click,Timing-Last Click,Timing-Page Submit,Timing-Click Count,to displease - to respect-To which degree are the two meanings similar to each other?,Timing-First Click,Timing-Last Click,Timing-Page Submit,Timing-Click Count,to impress - to dread-To which degree are the two meanings similar to each other?,Timing-First Click,Timing-Last Click,Timing-Page Submit,Timing-Click Count,to appreciate - to cuddle-To which degree are the two meanings similar to each other?,Timing-First Click,Timing-Last Click,Timing-Page Submit,Timing-Click Count,to decorate - to thrill-To which degree are the two meanings similar to each other?,Timing-First Click,Timing-Last Click,Timing-Page Submit,Timing-Click Count,to like - to hug-To which degree are the two meanings similar to each other?,Timing-First Click,Timing-Last Click,Timing-Page Submit,Timing-Click Count,to corrode - to worry-To which degree are the two meanings similar to each other?,Timing-First Click,Timing-Last Click,Timing-Page Submit,Timing-Click Count,to offend - to smash-To which degree are the two meanings similar to each other?,Timing-First Click,Timing-Last Click,Timing-Page Submit,Timing-Click Count,to pollute - to loathe-To which degree are the two meanings similar to each other?,Timing-First Click,Timing-Last Click,Timing-Page Submit,Timing-Click Count,to build - to pet-To which degree are the two meanings similar to each other?,Timing-First Click,Timing-Last Click,Timing-Page Submit,Timing-Click Count,to admire - to cherish-To which degree are the two meanings similar to each other?,Timing-First Click,Timing-Last Click,Timing-Page Submit,Timing-Click Count,to slash - to delete-To which degree are the two meanings similar to each other?,Timing-First Click,Timing-Last Click,Timing-Page Submit,Timing-Click Count,to mourn - to lament-To which degree are the two meanings similar to each other?,Timing-First Click,Timing-Last Click,Timing-Page Submit,Timing-Click Count,to dismay - to sculpt-To which degree are the two meanings similar to each other?,Timing-First Click,Timing-Last Click,Timing-Page Submit,Timing-Click Count,to twinkle - to worry-To which degree are the two meanings similar to each other?,Timing-First Click,Timing-Last Click,Timing-Page Submit,Timing-Click Count,to dirty - to content-To which degree are the two meanings similar to each other?,Timing-First Click,Timing-Last Click,Timing-Page Submit,Timing-Click Count,to dirty - to content-To which degree are the two meanings similar to each other?,Timing-First Click,Timing-Last Click,Timing-Page Submit,Timing-Click Count,to produce - to delete-To which degree are the two meanings similar to each other?,Timing-First Click,Timing-Last Click,Timing-Page Submit,Timing-Click Count,to knife - to build-To which degree are the two meanings similar to each other?,Timing-First Click,Timing-Last Click,Timing-Page Submit,Timing-Click Count,to caress - to smash-To which degree are the two meanings similar to each other?,Timing-First Click,Timing-Last Click,Timing-Page Submit,Timing-Click Count,to loathe - to appreciate-To which degree are the two meanings similar to each other?,Timing-First Click,Timing-Last Click,Timing-Page Submit,Timing-Click Count,to admire - to lament-To which degree are the two meanings similar to each other?,Timing-First Click,Timing-Last Click,Timing-Page Submit,Timing-Click Count,to offend - to block-To which degree are the two meanings similar to each other?,Timing-First Click,Timing-Last Click,Timing-Page Submit,Timing-Click Count,to pet - to praise-To which degree are the two meanings similar to each other?,Timing-First Click,Timing-Last Click,Timing-Page Submit,Timing-Click Count,to content - to cuddle-To which degree are the two meanings similar to each other?,Timing-First Click,Timing-Last Click,Timing-Page Submit,Timing-Click Count,to decorate - to adore-To which degree are the two meanings similar to each other?,Timing-First Click,Timing-Last Click,Timing-Page Submit,Timing-Click Count,to mourn - to dirty-To which degree are the two meanings similar to each other?,Timing-First Click,Timing-Last Click,Timing-Page Submit,Timing-Click Count,to slash - to criticize-To which degree are the two meanings similar to each other?,Timing-First Click,Timing-Last Click,Timing-Page Submit,Timing-Click Count,to distress - to pollute-To which degree are the two meanings similar to each other?,Timing-First Click,Timing-Last Click,Timing-Page Submit,Timing-Click Count,to repair - to hug-To which degree are the two meanings similar to each other?,Timing-First Click,Timing-Last Click,Timing-Page Submit,Timing-Click Count,to thrill - to respect-To which degree are the two meanings similar to each other?,Timing-First Click,Timing-Last Click,Timing-Page Submit,Timing-Click Count,to pulverize - to corrode-To which degree are the two meanings similar to each other?,Timing-First Click,Timing-Last Click,Timing-Page Submit,Timing-Click Count,to dismay - to dread-To which degree are the two meanings similar to each other?,Timing-First Click,Timing-Last Click,Timing-Page Submit,Timing-Click Count,to twinkle - to worry-To which degree are the two meanings similar to each other?,Timing-First Click,Timing-Last Click,Timing-Page Submit,Timing-Click Count,to displease - to sculpt-To which degree are the two meanings similar to each other?,Timing-First Click,Timing-Last Click,Timing-Page Submit,Timing-Click Count,to cherish - to destroy-To which degree are the two meanings similar to each other?,Timing-First Click,Timing-Last Click,Timing-Page Submit,Timing-Click Count,to slaughter - to impress-To which degree are the two meanings similar to each other?,Timing-First Click,Timing-Last Click,Timing-Page Submit,Timing-Click Count,to knife - to sculpt-To which degree are the two meanings similar to each other?,Timing-First Click,Timing-Last Click,Timing-Page Submit,Timing-Click Count,to hug - to slaughter-To which degree are the two meanings similar to each other?,Timing-First Click,Timing-Last Click,Timing-Page Submit,Timing-Click Count,to corrode - to build-To which degree are the two meanings similar to each other?,Timing-First Click,Timing-Last Click,Timing-Page Submit,Timing-Click Count,to like - to distress-To which degree are the two meanings similar to each other?,Timing-First Click,Timing-Last Click,Timing-Page Submit,Timing-Click Count,to mourn - to appreciate-To which degree are the two meanings similar to each other?,Timing-First Click,Timing-Last Click,Timing-Page Submit,Timing-Click Count,to thrill - to loathe-To which degree are the two meanings similar to each other?,Timing-First Click,Timing-Last Click,Timing-Page Submit,Timing-Click Count,to praise - to caress-To which degree are the two meanings similar to each other?,Timing-First Click,Timing-Last Click,Timing-Page Submit,Timing-Click Count,to produce - to adore-To which degree are the two meanings similar to each other?,Timing-First Click,Timing-Last Click,Timing-Page Submit,Timing-Click Count,to respect - to repair-To which degree are the two meanings similar to each other?,Timing-First Click,Timing-Last Click,Timing-Page Submit,Timing-Click Count,to dirty - to criticize-To which degree are the two meanings similar to each other?,Timing-First Click,Timing-Last Click,Timing-Page Submit,Timing-Click Count,to offend - to delete-To which degree are the two meanings similar to each other?,Timing-First Click,Timing-Last Click,Timing-Page Submit,Timing-Click Count,to destroy - to dread-To which degree are the two meanings similar to each other?,Timing-First Click,Timing-Last Click,Timing-Page Submit,Timing-Click Count,to decorate - to cuddle-To which degree are the two meanings similar to each other?,Timing-First Click,Timing-Last Click,Timing-Page Submit,Timing-Click Count,to content - to cherish-To which degree are the two meanings similar to each other?,Timing-First Click,Timing-Last Click,Timing-Page Submit,Timing-Click Count,to pollute - to smash-To which degree are the two meanings similar to each other?,Timing-First Click,Timing-Last Click,Timing-Page Submit,Timing-Click Count,to worry - to lament-To which degree are the two meanings similar to each other?,Timing-First Click,Timing-Last Click,Timing-Page Submit,Timing-Click Count,to dismay - to twinkle-To which degree are the two meanings similar to each other?,Timing-First Click,Timing-Last Click,Timing-Page Submit,Timing-Click Count,to pet - to displease-To which degree are the two meanings similar to each other?,Timing-First Click,Timing-Last Click,Timing-Page Submit,Timing-Click Count,to slash - to impress-To which degree are the two meanings similar to each other?,Timing-First Click,Timing-Last Click,Timing-Page Submit,Timing-Click Count,to admire - to pulverize-To which degree are the two meanings similar to each other?,Timing-First Click,Timing-Last Click,Timing-Page Submit,Timing-Click Count,What is your highest level of education?,How old are you?,Do you have any comments about the survey?,What is your native language?,LocationLatitude,LocationLongitude,LocationAccuracy,
R_6Vd1CWYGy1E0htb,Default Response Set,Anonymous,,,124.125.155.168,0,2014-06-03 09:07:05,2014-06-03 09:08:19,1,1,,,,,,,,,,,,,,,,,,,,,,,,,,,,,,,,,,,,,,,,,,,,,,,,,,,,,,,,,,,,,,,,,,,,,,,,,,,,,,,,,,,,,,,,,,,,,,,,,,,,,,,,,,,,,,,,,,,,,,,,,,,,,,,,,,,,,,,,,,,,,,,,,,,,,,,,,,,,,,,,,,,,,,,,,,,,,,,,,,,,,,,,,,,,,,,,,,,,,,,,,,0,0,0.699,0,,0,0,0.2,0,,0,0,0.187,0,,0,0,0.165,0,,2.228,2.228,2.478,1,,0,0,2.985,0,,0,0,0.317,0,,0,0,0.516,0,,0,0,1.475,0,,0,0,0.497,0,,0,0,0.44,0,,0,0,0.435,0,3,2.07,2.07,2.577,1,,0,0,0.429,0,,0,0,2.312,0,,0,0,0.821,0,,0,0,0.318,0,,0,0,0.567,0,,0,0,0.846,0,3,0.48,0.8160000000000001,1.018,2,,,,,,,,,,,,,,,,,,,,,,,,,,,,,,,,,,,,,,,,,,,,,,,,,,,,,,,,,,,,,,,,,,,,,,,,,,,,,,,,,,,,,,,,,,,,,,,,,,,,,3,2,q,q,23.033294677734,72.61669921875,-1,
R_eQypGhKTFTrj3BX,Default Response Set,Anonymous,,,173.208.36.40,0,2014-06-03 09:08:32,2014-06-03 09:10:31,1,1,,,,,,,,,,,,,,,,,,,,,,,,,,,,,,,,,,,,,,,,,,,,,,,,,,,,,,,,,,,,,,,,,,,,,,,,,,,,,,,,,,,,,,,,,,,,,,,,,,,,,,,,,,,,,,,,,,,,,,,,,,,,,,,,,,,,,,,,,,,,,,,,,,,,,,,,,,,,,,,,,,,,,,,,,,,,,,,,,,,,,,,,,,,,,,,,,,,,,,,,,,,,,,,,,,,,,,,,,,,,,,,,,,,,,,,,,,,,,,,,,,,,,,,,,,,,,,,,,,,,,,,,,,,,,,,,,,,,,,,,,,,,,,,,,,,,,,,,,,,,,,0.021,0.021,0.271,1,,0,0,0.542,0,,0,0,0.899,0,,0,0,1.985,0,,0,0,0.613,0,,0,0,0.416,0,,0,0,0.915,0,,0,0,1.131,0,3,1.354,1.778,2.009,2,,0,0,0.579,0,,0,0,0.473,0,,0,0,3.762,0,,0,0,0.8,0,,0,0,0.508,0,,0,0,0.308,0,,0,0,4.284,0,,0,0,1.938,0,,0,0,0.801,0,1,2.768,2.768,8.94,1,,0,0,0.353,0,3,3,q,english,47.606201171875,-122.33209991455,-1,
R_5uRJ8ZUzEw55H3D,Default Response Set,Anonymous,,,75.241.107.188,0,2014-06-03 09:08:24,2014-06-03 09:13:18,1,1,0,2.699,2.699,4.321,1,2,3.37,4.446,6.225,2,2,2.621,6.084,12.496,3,0,3.775,3.775,4.789,1,0,7.659,7.659,9.594,1,2,3.713,3.713,5.289,1,3,5.46,5.46,6.693,1,1,3.198,3.198,4.82,1,2,3.463,3.791,4.945,2,3,3.182,4.43,19.438,2,1,3.058,3.058,4.399,1,2,2.199,4.399,6.068,2,0,4.758,4.758,5.99,1,3,3.276,3.276,4.586,1,2,3.572,4.602,6.021,2,3,4.493,4.493,5.835,1,2,3.79,3.79,5.257,1,1,4.291,8.674000000000001,11.529,5,0,3.697,5.819,7.02,2,0,6.802,17.379,31.481,5,,,,,,,,,,,,,,,,,,,,,,,,,,,,,,,,,,,,,,,,,,,,,,,,,,,,,,,,,,,,,,,,,,,,,,,,,,,,,,,,,,,,,,,,,,,,,,,,,,,,,,,,,,,,,,,,,,,,,,,,,,,,,,,,,,,,,,,,,,,,,,,,,,,,,,,,,,,,,,,,,,,,,,,,,,,,,,,,,,,,,,,,,,,,,,,,,,,,,,,,,,,,,,,,,,,,,,,,,,,,,,,,,,,,,,,,,,,,,,,,,,,,,,,,,,,,,,,,,,,,,,,,,,,,,,,,,,,,,,,,,,,,,,,,,,,,,,,,,,,,,1,1,n/a,English,42.377197265625,-85.966903686523,-1,
R_bqje1DlGMZzeb3L,Default Response Set,Anonymous,,,75.71.158.254,0,2014-06-03 09:13:22,2014-06-03 09:15:52,1,1,,,,,,,,,,,,,,,,,,,,,,,,,,,,,,,,,,,,,,,,,,,,,,,,,,,,,,,,,,,,,,,,,,,,,,,,,,,,,,,,,,,,,,,,,,,,,,,,,,,,,3,3.671,3.671,4.483,1,2,4.502,4.502,5.57,1,4,4.459,4.459,5.255,1,1,3.903,3.903,5.053,1,2,3.904,3.904,4.836,1,0,2.463,2.463,3.331,1,5,2.736,2.736,3.451,1,5,3.474,3.474,4.302,1,6,1.809,3.298,4.077,3,4,2.858,2.858,3.55,1,4,15.373,15.588999999999999,16.585,2,5,4.562,4.562,5.342,1,3,5.939,5.939,6.775,1,6,3.515,3.515,4.343,1,2,6.712,7.08,8.044,2,3,2.422,3.702,4.53,2,,0,0,3.155,0,0,1.987,1.987,2.695,1,3,3.177,3.177,3.764,1,1,5.7,6.604,7.609,2,,,,,,,,,,,,,,,,,,,,,,,,,,,,,,,,,,,,,,,,,,,,,,,,,,,,,,,,,,,,,,,,,,,,,,,,,,,,,,,,,,,,,,,,,,,,,,,,,,,,,,,,,,,,,,,,,,,,,,,,,,,,,,,,,,,,,,,,,,,,,,,,,,,,,,,,,,,,,,,,,,,,,,,,,,,,,,,,,,,,,,,,,,,,,,,,,,,,,,,,,2,4,no,english,39.828796386719,-105.06069946289,-1,
R_25fguc0mceJfQnX,Default Response Set,Anonymous,,,68.201.118.116,0,2014-06-03 09:06:38,2014-06-03 09:16:05,1,1,,,,,,,,,,,,,,,,,,,,,,,,,,,,,,,,,,,,,,,,,,,,,,,,,,,,,,,,,,,,,,,,,,,,,,,,,,,,,,,,,,,,,,,,,,,,,,,,,,,,,,,,,,,,,,,,,,,,,,,,,,,,,,,,,,,,,,,,,,,,,,,,,,,,,,,,,,,,,,,,,,,,,,,,,,,,,,,,,,,,,,,,,,,,,,,,,,,,,,,,,,,,,,,,,,,,,,,,,,,,,,,,,,,,,,,,,,,,,,,,,,,,,,,,,,,,,,,,,,,,,,,,,,,,,,,,,,,,,,,,,,,,,,,,,,,,,,,,,,,,,1,8.046,8.046,8.996,1,0,1.942,1.942,2.741,1,0,2.126,2.126,3.26,1,0,4.431,4.431,6.183,1,4,4.48,4.48,5.664,1,0,1.454,1.454,2.241,1,3,6.621,6.621,8.365,1,0,3.716,3.716,4.581,1,4,7.08,7.08,8.552,1,3,8.977,8.977,11.074,1,0,2.933,2.933,4.167,1,0,4.137,4.137,5.502,1,1,5.073,5.073,5.872,1,0,7.763,11.35,12.321,2,1,10.011,10.011,11.657,1,5,7.354,7.354,9.849,1,0,4.441,4.441,5.386,1,0,2.434,2.434,3.395,1,0,2.71,2.71,4.394,1,0,2.307,2.307,3.333,1,2,1,Praise is highly similar to bonus. ;-),English,30.102798461914,-94.174003601074,-1,
R_07b05zO7fcDSFtb,Default Response Set,Anonymous,,,50.193.13.202,0,2014-06-03 09:13:04,2014-06-03 09:16:21,1,1,,,,,,,,,,,,,,,,,,,,,,,,,,,,,,,,,,,,,,,,,,,,,,,,,,,,,,,,,,,,,,,,,,,,,,,,,,,,,,,,,,,,,,,,,,,,,,,,,,,,,,,,,,,,,,,,,,,,,,,,,,,,,,,,,,,,,,,,,,,,,,,,,,,,,,,,,,,,,,,,,,,,,,,,,,,,,,,,,,,,,,,,,,,,,,,,,,,,,,,,,0,4.184,4.184,5.191,1,0,1.999,1.999,3.222,1,0,2.131,2.131,3.1,1,0,1.625,1.625,2.451,1,4,5.747,5.747,6.539,1,0,5.775,6.7010000000000005,10.638,2,5,2.909,2.909,3.813,1,4,5.071,5.071,5.727,1,0,2.138,2.138,3.169,1,0,1.779,1.779,2.556,1,3,25.3,25.3,26.275,1,1,4.082,4.082,4.95,1,2,2.613,2.613,3.522,1,0,2.452,3.2359999999999998,4.194,2,4,12.176,12.176,13.224,1,6,3.868,4.486,5.129,2,0,2.337,2.337,3.193,1,0,1.926,1.926,2.925,1,0,2.153,2.153,2.97,1,0,1.506,2.936,3.932,2,,,,,,,,,,,,,,,,,,,,,,,,,,,,,,,,,,,,,,,,,,,,,,,,,,,,,,,,,,,,,,,,,,,,,,,,,,,,,,,,,,,,,,,,,,,,,,,,,,,,,1,1,no,English,37.804397583008,-122.27079772949,-1,
R_3JaZgW5r82K8If3,Default Response Set,Anonymous,,,192.81.105.132,0,2014-06-03 09:15:26,2014-06-03 09:18:26,1,1,,,,,,,,,,,,,,,,,,,,,,,,,,,,,,,,,,,,,,,,,,,,,,,,,,,,,,,,,,,,,,,,,,,,,,,,,,,,,,,,,,,,,,,,,,,,,,,,,,,,,0,5.133,5.133,5.855,1,0,2.26,2.6769999999999996,3.267,2,1,1.904,1.904,3.031,1,0,13.396,16.055,17.684,3,0,2.851,2.851,3.76,1,1,2.638,2.638,3.289,1,5,1.558,1.558,2.16,1,2,14.448,14.448,15.126,1,3,1.585,1.585,2.438,1,2,4.464,4.464,5.231,1,1,16.255,16.255,17.057,1,2,1.745,1.745,2.379,1,0,3.371,3.371,5.184,1,5,1.958,1.958,2.683,1,4,2.234,2.234,2.959,1,0,6.772,6.772,7.321,1,0,6.44,6.44,7.107,1,1,1.531,1.531,2.458,1,3,2.201,2.896,3.567,2,1,2.176,2.176,2.832,1,,,,,,,,,,,,,,,,,,,,,,,,,,,,,,,,,,,,,,,,,,,,,,,,,,,,,,,,,,,,,,,,,,,,,,,,,,,,,,,,,,,,,,,,,,,,,,,,,,,,,,,,,,,,,,,,,,,,,,,,,,,,,,,,,,,,,,,,,,,,,,,,,,,,,,,,,,,,,,,,,,,,,,,,,,,,,,,,,,,,,,,,,,,,,,,,,,,,,,,,,1,2,no,english,36.386795043945,-85.308296203613,-1,
R_6g6v0S6mJ6cNEfX,Default Response Set,Anonymous,,,71.197.130.45,0,2014-06-03 09:24:03,2014-06-03 09:26:22,1,1,,,,,,,,,,,,,,,,,,,,,,,,,,,,,,,,,,,,,,,,,,,,,,,,,,,,,,,,,,,,,,,,,,,,,,,,,,,,,,,,,,,,,,,,,,,,,,,,,,,,,,,,,,,,,,,,,,,,,,,,,,,,,,,,,,,,,,,,,,,,,,,,,,,,,,,,,,,,,,,,,,,,,,,,,,,,,,,,,,,,,,,,,,,,,,,,,,,,,,,,,,,,,,,,,,,,,,,,,,,,,,,,,,,,,,,,,,,,,,,,,,,,,,,,,,,,,,,,,,,,,,,,,,,,,,,,,,,,,,,,,,,,,,,,,,,,,,,,,,,,,1,2.365,2.365,3.014,1,,0,0,3.111,0,0,3.125,3.125,3.782,1,,0,0,2.157,0,2,2.846,2.846,3.448,1,0,2.949,2.949,3.632,1,1,3.628,3.628,4.35,1,1,2.813,3.3320000000000003,7.094,2,2,2.728,2.728,3.377,1,2,3.212,3.212,3.788,1,2,3.037,3.037,3.679,1,1,8.658,8.658,11.082,1,,0,0,3.311,0,2,3.533,3.533,4.261,1,2,4.091,4.091,4.772,1,4,3.416,3.416,4.089,1,,0,0,2.551,0,,0,0,3.787,0,,0,0,1.586,0,,0,0,2.065,0,2,1,Most of the pairs seemed totally dissimilar. ,English,47.606201171875,-122.33209991455,-1,
R_4Oex7E1GP4YcHZz,Default Response Set,Anonymous,,,98.250.33.44,0,2014-06-03 09:26:08,2014-06-03 09:28:37,1,1,,,,,,,,,,,,,,,,,,,,,,,,,,,,,,,,,,,,,,,,,,,,,,,,,,,,,,,,,,,,,,,,,,,,,,,,,,,,,,,,,,,,,,,,,,,,,,,,,,,,,,,,,,,,,,,,,,,,,,,,,,,,,,,,,,,,,,,,,,,,,,,,,,,,,,,,,,,,,,,,,,,,,,,,,,,,,,,,,,,,,,,,,,,,,,,,,,,,,,,,,0,1.49,2.9379999999999997,3.654,3,1,5.311,5.311,6.179,1,0,1.05,1.05,1.871,1,0,1.777,1.777,2.621,1,0,1.635,1.635,2.663,1,0,1.391,1.391,2.299,1,2,2.492,2.492,3.376,1,3,3.105,3.105,4.222,1,1,1.543,2.5429999999999997,3.283,3,0,1.866,2.698,12.278,2,0,0.491,0.491,1.191,1,0,1.856,2.48,3.172,2,0,1.8,1.8,2.556,1,2,2.124,2.124,4.161,1,0,2.419,3.05,3.839,2,4,2.981,2.981,4.801,1,0,1.447,1.447,2.227,1,0,2.76,2.76,4.004,1,0,5.433,5.433,6.364,1,0,12.134,12.134,15.197,1,,,,,,,,,,,,,,,,,,,,,,,,,,,,,,,,,,,,,,,,,,,,,,,,,,,,,,,,,,,,,,,,,,,,,,,,,,,,,,,,,,,,,,,,,,,,,,,,,,,,,2,1,no,English,42.216705322266,-83.740600585938,-1,
R_6olT20qvG97AyXP,Default Response Set,Anonymous,,,50.89.15.67,0,2014-06-03 09:34:05,2014-06-03 09:38:34,1,1,1,1.599,10.132,10.649,3,0,4.807,4.807,5.302,1,3,8.734,9.257,9.518,2,0,2.078,2.078,2.558,1,0,2.841,4.086,4.767,3,0,1.764,1.764,2.649,1,0,1.916,2.6340000000000003,3.029,3,2,3.882,7.212,9.504,4,0,5.594,8.894,9.884,2,3,7.826,12.66,13.051,3,0,10.963,10.963,11.374,1,0,14.578,14.578,15.729,1,1,4.405,12.062000000000001,18.502,2,3,2.021,2.021,2.417,1,0,15.907,25.686999999999998,28.686,2,6,3.097,3.097,3.429,1,1,3.734,3.734,4.317,1,0,15.127,15.701,18.39,2,0,1.854,1.854,2.389,1,0,2.621,2.621,3.722,1,,,,,,,,,,,,,,,,,,,,,,,,,,,,,,,,,,,,,,,,,,,,,,,,,,,,,,,,,,,,,,,,,,,,,,,,,,,,,,,,,,,,,,,,,,,,,,,,,,,,,,,,,,,,,,,,,,,,,,,,,,,,,,,,,,,,,,,,,,,,,,,,,,,,,,,,,,,,,,,,,,,,,,,,,,,,,,,,,,,,,,,,,,,,,,,,,,,,,,,,,,,,,,,,,,,,,,,,,,,,,,,,,,,,,,,,,,,,,,,,,,,,,,,,,,,,,,,,,,,,,,,,,,,,,,,,,,,,,,,,,,,,,,,,,,,,,,,,,,,,,1,1,No.,English ,28.570404052734,-81.529800415039,-1,
R_3K1Hn4eKpRhcJ4V,Default Response Set,Anonymous,,,105.231.141.93,0,2014-06-03 09:39:59,2014-06-03 09:52:12,1,1,,,,,,,,,,,,,,,,,,,,,,,,,,,,,,,,,,,,,,,,,,,,,,,,,,,,,,,,,,,,,,,,,,,,,,,,,,,,,,,,,,,,,,,,,,,,,,,,,,,,,1,20.892,20.892,21.8,1,1,10.106,10.106,11.184,1,1,11.697,11.697,13.092,1,1,5.369,5.369,6.814,1,1,13.651,13.651,15.304,1,1,2.909,2.909,4.071,1,1,14.892,14.892,15.96,1,1,10.671,10.671,12.242,1,1,21.394,21.394,22.715,1,3,33.621,33.621,35.153,1,1,122.109,122.109,123.209,1,1,54.76,54.76,56.001,1,1,9.769,9.769,11.006,1,1,20.77,20.77,22.151,1,1,142.848,142.848,144.075,1,1,9.763,9.763,11.181,1,1,19.795,19.795,21.179,1,1,11.075,11.075,12.224,1,1,8.407,8.407,9.946,1,1,11.204,11.204,12.12,1,,,,,,,,,,,,,,,,,,,,,,,,,,,,,,,,,,,,,,,,,,,,,,,,,,,,,,,,,,,,,,,,,,,,,,,,,,,,,,,,,,,,,,,,,,,,,,,,,,,,,,,,,,,,,,,,,,,,,,,,,,,,,,,,,,,,,,,,,,,,,,,,,,,,,,,,,,,,,,,,,,,,,,,,,,,,,,,,,,,,,,,,,,,,,,,,,,,,,,,,,3,1,ok,english,1,38,-1,
R_3C9irYgOzLwPWVT,Default Response Set,Anonymous,,,75.50.182.176,0,2014-06-03 17:37:44,2014-06-03 17:40:39,1,1,,,,,,,,,,,,,,,,,,,,,,,,,,,,,,,,,,,,,,,,,,,,,,,,,,,,,,,,,,,,,,,,,,,,,,,,,,,,,,,,,,,,,,,,,,,,,,,,,,,,,,,,,,,,,,,,,,,,,,,,,,,,,,,,,,,,,,,,,,,,,,,,,,,,,,,,,,,,,,,,,,,,,,,,,,,,,,,,,,,,,,,,,,,,,,,,,,,,,,,,,,,,,,,,,,,,,,,,,,,,,,,,,,,,,,,,,,,,,,,,,,,,,,,,,,,,,,,,,,,,,,,,,,,,,,,,,,,,,,,,,,,,,,,,,,,,,,,,,,,,,3,3.136,3.7990000000000004,4.216,2,0,1.465,1.465,2.367,1,1,3.111,3.111,3.698,1,1,3.228,3.228,4.753,1,1,3.874,7.759,9.565,2,2,6.55,6.55,7.514,1,6,9.507,9.507,10.267,1,2,2.39,2.39,3.078,1,1,2.962,5.383,6.362,4,4,5.195,5.195,5.785,1,1,4.48,4.48,5.858,1,4,2.413,2.413,3.111,1,1,16.084,16.084,17.869,1,2,2.457,3.0349999999999997,3.758,2,5,4.872,4.872,5.937,1,6,2.643,2.643,3.35,1,1,3.029,3.029,3.68,1,1,3.849,3.849,4.694,1,1,3.669,3.669,4.638,1,0,14.072,15.636,16.349,2,1,2,no comments,English,34.052200317383,-118.24369812012,-1,
R_dceycmvHF6q9WwR,Default Response Set,Anonymous,,,68.96.133.132,0,2014-06-18 22:24:26,2014-06-18 22:26:31,1,1,0,5.037,6.702999999999999,7.393,3,1,2.086,2.086,2.866,1,0,1.964,2.687,3.258,2,0,4.892,5.8340000000000005,6.583,3,1,1.958,1.958,2.883,1,1,4.184,4.184,4.902,1,0,2.263,2.263,2.974,1,3,2.592,3.0540000000000003,3.656,2,4,1.828,5.386000000000001,6.004,4,5,2.175,2.5909999999999997,3.227,2,2,2.151,2.151,3.355,1,3,2.186,2.186,2.931,1,1,6.016,7.394,7.958,2,4,3.531,4.236,4.881,2,4,3.028,3.028,3.637,1,3,2.6,2.6,3.36,1,3,3.109,6.207,6.779,4,0,1.897,1.897,2.588,1,0,2.208,2.208,2.933,1,0,2.618,2.618,3.157,1,,,,,,,,,,,,,,,,,,,,,,,,,,,,,,,,,,,,,,,,,,,,,,,,,,,,,,,,,,,,,,,,,,,,,,,,,,,,,,,,,,,,,,,,,,,,,,,,,,,,,,,,,,,,,,,,,,,,,,,,,,,,,,,,,,,,,,,,,,,,,,,,,,,,,,,,,,,,,,,,,,,,,,,,,,,,,,,,,,,,,,,,,,,,,,,,,,,,,,,,,,,,,,,,,,,,,,,,,,,,,,,,,,,,,,,,,,,,,,,,,,,,,,,,,,,,,,,,,,,,,,,,,,,,,,,,,,,,,,,,,,,,,,,,,,,,,,,,,,,,,2,2,Thank you,English,41.117202758789,-96.061096191406,-1,
R_5pb5XcSq1Ab2yON,Default Response Set,Anonymous,,,71.61.246.15,0,2014-06-18 22:24:32,2014-06-18 22:26:34,1,1,,,,,,,,,,,,,,,,,,,,,,,,,,,,,,,,,,,,,,,,,,,,,,,,,,,,,,,,,,,,,,,,,,,,,,,,,,,,,,,,,,,,,,,,,,,,,,,,,,,,,,,,,,,,,,,,,,,,,,,,,,,,,,,,,,,,,,,,,,,,,,,,,,,,,,,,,,,,,,,,,,,,,,,,,,,,,,,,,,,,,,,,,,,,,,,,,,,,,,,,,,,,,,,,,,,,,,,,,,,,,,,,,,,,,,,,,,,,,,,,,,,,,,,,,,,,,,,,,,,,,,,,,,,,,,,,,,,,,,,,,,,,,,,,,,,,,,,,,,,,,3,2.098,2.098,2.789,1,1,1.957,1.957,2.731,1,1,1.871,1.871,2.661,1,1,2.249,2.9690000000000003,7.173,2,4,3.133,3.133,3.874,1,2,1.987,1.987,2.784,1,4,1.938,2.63,3.707,2,2,1.978,1.978,2.741,1,2,1.863,5.338,6.111,4,3,2.304,2.304,3.227,1,1,1.488,1.488,2.358,1,2,4.426,4.426,5.201,1,2,2.133,2.133,3.036,1,4,2.659,2.659,3.4,1,2,4.441,4.441,5.229,1,4,2.304,2.304,3.113,1,1,2.876,2.876,3.773,1,1,1.85,1.85,2.611,1,1,6.096,10.06,11.977,2,1,2.198,2.198,3.023,1,2,2,none,English,40.441299438477,-80.106399536133,-1,
R_3sekRlmRUdyHZYh,Default Response Set,Anonymous,,,69.14.223.182,0,2014-06-18 22:25:16,2014-06-18 22:27:12,1,1,0,2.368,2.368,3.126,1,0,1.854,1.854,2.949,1,1,1.73,1.73,4.041,1,4,1.591,1.591,2.706,1,1,2.414,2.414,3.585,1,3,1.819,1.819,2.616,1,2,1.939,1.939,2.864,1,3,1.703,1.703,2.637,1,4,1.298,2.7439999999999998,3.471,2,4,1.923,1.923,2.876,1,2,3.352,3.352,4.147,1,5,3.376,3.376,4.22,1,3,1.735,1.735,2.658,1,4,1.757,1.757,2.601,1,4,0.891,0.891,1.766,1,3,0.884,0.884,1.782,1,1,1.933,1.933,2.871,1,0,2.284,2.284,3.085,1,1,9.768,9.768,10.443,1,0,5.253,5.253,6.582,1,,,,,,,,,,,,,,,,,,,,,,,,,,,,,,,,,,,,,,,,,,,,,,,,,,,,,,,,,,,,,,,,,,,,,,,,,,,,,,,,,,,,,,,,,,,,,,,,,,,,,,,,,,,,,,,,,,,,,,,,,,,,,,,,,,,,,,,,,,,,,,,,,,,,,,,,,,,,,,,,,,,,,,,,,,,,,,,,,,,,,,,,,,,,,,,,,,,,,,,,,,,,,,,,,,,,,,,,,,,,,,,,,,,,,,,,,,,,,,,,,,,,,,,,,,,,,,,,,,,,,,,,,,,,,,,,,,,,,,,,,,,,,,,,,,,,,,,,,,,,,2,3,interesting and unique,english,42.555999755859,-83.117797851562,-1,
R_9vIXdvQ9zGs49Pn,Default Response Set,Anonymous,,,108.202.156.32,0,2014-06-18 22:25:48,2014-06-18 22:27:57,1,1,2,1.529,2.746,3.401,2,1,1.139,1.139,2.059,1,1,1.279,1.279,2.621,1,2,1.217,1.217,2.371,1,2,1.232,1.232,2.277,1,1,0.765,1.623,2.59,2,2,1.825,1.825,8.19,1,3,0.826,0.826,1.731,1,6,2.34,2.34,3.198,1,3,3.994,3.994,5.242,1,4,4.556,4.556,5.71,1,4,1.996,2.917,8.751,2,0,1.092,1.092,2.028,1,3,2.278,2.808,3.853,2,1,1.684,1.684,2.48,1,6,2.449,2.449,3.182,1,2,1.263,3.01,7.846,2,0,1.139,4.587,5.398,4,2,1.201,1.201,1.919,1,1,1.794,1.794,2.886,1,,,,,,,,,,,,,,,,,,,,,,,,,,,,,,,,,,,,,,,,,,,,,,,,,,,,,,,,,,,,,,,,,,,,,,,,,,,,,,,,,,,,,,,,,,,,,,,,,,,,,,,,,,,,,,,,,,,,,,,,,,,,,,,,,,,,,,,,,,,,,,,,,,,,,,,,,,,,,,,,,,,,,,,,,,,,,,,,,,,,,,,,,,,,,,,,,,,,,,,,,,,,,,,,,,,,,,,,,,,,,,,,,,,,,,,,,,,,,,,,,,,,,,,,,,,,,,,,,,,,,,,,,,,,,,,,,,,,,,,,,,,,,,,,,,,,,,,,,,,,,1,1,no comments,english,40.818206787109,-81.491798400879,-1,
R_eaGRT1MpamS1fmd,Default Response Set,Anonymous,,,12.174.123.125,0,2014-06-18 22:25:28,2014-06-18 22:28:11,1,1,,,,,,,,,,,,,,,,,,,,,,,,,,,,,,,,,,,,,,,,,,,,,,,,,,,,,,,,,,,,,,,,,,,,,,,,,,,,,,,,,,,,,,,,,,,,,,,,,,,,,1,2.268,2.268,2.878,1,0,4.235,4.235,5.742,1,0,1.941,1.941,2.593,1,0,2.052,2.052,2.741,1,1,3.138,3.138,3.713,1,1,4.513,4.513,5.244,1,2,8.833,17.442999999999998,19.472,2,1,4.778,4.778,5.461,1,3,3.43,3.43,4.025,1,2,3.062,3.062,3.696,1,1,3.328,3.328,4.114,1,2,3.885,3.885,4.397,1,1,2.975,2.975,3.711,1,3,5.411,8.267,8.879,2,4,5.043,5.043,6.581,1,6,5.9,7.939,8.454,2,1,4.276,4.276,4.904,1,1,2.188,3.676,4.342,2,1,2.108,2.108,2.829,1,1,3.252,3.252,3.822,1,,,,,,,,,,,,,,,,,,,,,,,,,,,,,,,,,,,,,,,,,,,,,,,,,,,,,,,,,,,,,,,,,,,,,,,,,,,,,,,,,,,,,,,,,,,,,,,,,,,,,,,,,,,,,,,,,,,,,,,,,,,,,,,,,,,,,,,,,,,,,,,,,,,,,,,,,,,,,,,,,,,,,,,,,,,,,,,,,,,,,,,,,,,,,,,,,,,,,,,,,2,2,The area between 0 and 1 was a little vague. Radio buttons might be better than a meter.,English,38.627304077148,-90.197898864746,-1,
R_55Q4Gr4ACtwOWZT,Default Response Set,Anonymous,,,174.125.228.168,0,2014-06-18 22:25:56,2014-06-18 22:28:20,1,1,,,,,,,,,,,,,,,,,,,,,,,,,,,,,,,,,,,,,,,,,,,,,,,,,,,,,,,,,,,,,,,,,,,,,,,,,,,,,,,,,,,,,,,,,,,,,,,,,,,,,0,1.615,1.615,2.314,1,0,1.829,1.829,2.672,1,0,1.506,1.506,2.149,1,0,1.9,1.9,3.079,1,0,1.913,1.913,2.62,1,0,1.939,1.939,2.63,1,1,2.945,2.945,3.708,1,0,2.667,2.667,3.294,1,3,3.672,3.672,4.452,1,0,2.723,2.723,3.886,1,1,3.698,3.698,4.285,1,0,3.779,5.539,6.279,2,1,3.152,4.872,5.971,2,3,1.982,1.982,2.721,1,3,3.457,3.457,4.181,1,6,2.623,2.623,3.891,1,0,6.328,6.328,7.344,1,0,1.751,1.751,2.362,1,0,1.876,1.876,2.548,1,0,1.868,1.868,2.423,1,,,,,,,,,,,,,,,,,,,,,,,,,,,,,,,,,,,,,,,,,,,,,,,,,,,,,,,,,,,,,,,,,,,,,,,,,,,,,,,,,,,,,,,,,,,,,,,,,,,,,,,,,,,,,,,,,,,,,,,,,,,,,,,,,,,,,,,,,,,,,,,,,,,,,,,,,,,,,,,,,,,,,,,,,,,,,,,,,,,,,,,,,,,,,,,,,,,,,,,,,1,3,I like word puzzles - this was fun!,English,44.276092529297,-90.796203613281,-1,
R_06Zi8DsXWWXmMQt,Default Response Set,Anonymous,,,24.43.153.142,0,2014-06-18 22:26:41,2014-06-18 22:28:37,1,1,,,,,,,,,,,,,,,,,,,,,,,,,,,,,,,,,,,,,,,,,,,,,,,,,,,,,,,,,,,,,,,,,,,,,,,,,,,,,,,,,,,,,,,,,,,,,,,,,,,,,0,1.748,1.748,2.462,1,0,1.8,1.8,2.466,1,0,4.247,4.247,5.057,1,0,3.59,3.59,4.304,1,0,2.069,2.069,2.902,1,0,2.264,2.264,2.873,1,1,1.882,3.378,4.171,2,1,3.057,3.057,4.25,1,3,2.225,5.4559999999999995,6.274,2,0,2.578,2.578,3.555,1,0,2.218,2.218,3.019,1,1,12.511,15.872,16.497,3,0,2.244,2.244,2.869,1,4,6.29,6.29,6.811,1,0,2.307,3.907,4.604,2,1,2.898,2.898,3.579,1,0,3.604,3.604,4.389,1,0,1.825,1.825,2.514,1,0,1.808,2.488,3.297,2,0,2.009,2.009,2.754,1,,,,,,,,,,,,,,,,,,,,,,,,,,,,,,,,,,,,,,,,,,,,,,,,,,,,,,,,,,,,,,,,,,,,,,,,,,,,,,,,,,,,,,,,,,,,,,,,,,,,,,,,,,,,,,,,,,,,,,,,,,,,,,,,,,,,,,,,,,,,,,,,,,,,,,,,,,,,,,,,,,,,,,,,,,,,,,,,,,,,,,,,,,,,,,,,,,,,,,,,,2,1,No,English,34.092193603516,-117.43510437012,-1,
R_78krmmnXYlU6Oy1,Default Response Set,Anonymous,,,71.112.184.69,0,2014-06-18 22:25:44,2014-06-18 22:28:55,1,1,1,4.101,4.101,4.818,1,1,4.503,4.503,5.503,1,1,5.08,5.08,8.772,1,1,3.621,3.621,4.294,1,1,3.463,3.463,4.307,1,1,3.019,3.019,4.931,1,2,4.9,4.9,6.003,1,2,2.234,6.105,6.847,2,4,2.87,2.87,3.935,1,3,14.213,16.622999999999998,19.495,2,2,3.205,3.205,4.21,1,3,4.19,4.19,4.789,1,2,3.612,7.712999999999999,8.607,3,2,3.192,3.192,3.891,1,1,3.445,3.445,4.579,1,1,3.204,3.204,3.942,1,2,2.82,2.82,3.627,1,0,2.728,2.728,6.233,1,0,3.883,5.184,5.958,2,0,3.543,3.543,4.387,1,,,,,,,,,,,,,,,,,,,,,,,,,,,,,,,,,,,,,,,,,,,,,,,,,,,,,,,,,,,,,,,,,,,,,,,,,,,,,,,,,,,,,,,,,,,,,,,,,,,,,,,,,,,,,,,,,,,,,,,,,,,,,,,,,,,,,,,,,,,,,,,,,,,,,,,,,,,,,,,,,,,,,,,,,,,,,,,,,,,,,,,,,,,,,,,,,,,,,,,,,,,,,,,,,,,,,,,,,,,,,,,,,,,,,,,,,,,,,,,,,,,,,,,,,,,,,,,,,,,,,,,,,,,,,,,,,,,,,,,,,,,,,,,,,,,,,,,,,,,,,1,4,thanks for the interesting survey,English,40.394805908203,-79.905601501465,-1,
R_9NoJEcyIeNVv6K1,Default Response Set,Anonymous,,,71.246.102.22,0,2014-06-18 22:25:12,2014-06-18 22:28:58,1,1,,,,,,,,,,,,,,,,,,,,,,,,,,,,,,,,,,,,,,,,,,,,,,,,,,,,,,,,,,,,,,,,,,,,,,,,,,,,,,,,,,,,,,,,,,,,,,,,,,,,,,,,,,,,,,,,,,,,,,,,,,,,,,,,,,,,,,,,,,,,,,,,,,,,,,,,,,,,,,,,,,,,,,,,,,,,,,,,,,,,,,,,,,,,,,,,,,,,,,,,,0,3.81,3.81,4.963,1,0,3.496,3.496,4.56,1,0,2.756,2.756,4.997,1,0,2.659,2.659,3.884,1,2,8.481,8.481,9.545,1,3,4.201,4.201,5.361,1,4,4.113,6.497,7.577,2,1,9.071,15.567,16.984,2,5,3.527,3.527,4.559,1,1,6,6,7.288,1,4,3.162,3.162,4.427,1,5,8.882,8.882,10.299,1,3,4.731,7.131,8.244,2,1,6.427,6.427,7.539,1,5,3.786,3.786,4.803,1,5,3.68,3.68,4.625,1,0,3.709,3.709,4.998,1,1,6.116,10.235,11.596,4,0,2.674,2.674,6.019,1,0,2.437,2.437,3.663,1,,,,,,,,,,,,,,,,,,,,,,,,,,,,,,,,,,,,,,,,,,,,,,,,,,,,,,,,,,,,,,,,,,,,,,,,,,,,,,,,,,,,,,,,,,,,,,,,,,,,,3,4,Some of the words did not really seem like verbs to me.,English,40.729797363281,-73.825103759766,-1,
R_benvnYV0MxdJAXj,Default Response Set,Anonymous,,,70.90.43.214,0,2014-06-18 22:27:03,2014-06-18 22:29:18,1,1,,,,,,,,,,,,,,,,,,,,,,,,,,,,,,,,,,,,,,,,,,,,,,,,,,,,,,,,,,,,,,,,,,,,,,,,,,,,,,,,,,,,,,,,,,,,,,,,,,,,,,,,,,,,,,,,,,,,,,,,,,,,,,,,,,,,,,,,,,,,,,,,,,,,,,,,,,,,,,,,,,,,,,,,,,,,,,,,,,,,,,,,,,,,,,,,,,,,,,,,,,,,,,,,,,,,,,,,,,,,,,,,,,,,,,,,,,,,,,,,,,,,,,,,,,,,,,,,,,,,,,,,,,,,,,,,,,,,,,,,,,,,,,,,,,,,,,,,,,,,,2,2.636,2.636,3.344,1,0,2.084,2.084,2.972,1,0,1.905,2.697,3.362,2,0,2.254,2.254,2.926,1,3,21.153,21.153,21.785,1,0,1.561,1.561,2.569,1,3,2.693,5.942,6.682,2,1,8.129,8.129,8.763,1,3,1.837,4.582,5.188,2,2,1.517,3.755,4.812,3,0,3.217,4.068,4.824,2,0,1.709,3.7960000000000003,4.553,3,0,2.097,2.097,2.959,1,1,3.242,3.242,3.876,1,2,2.887,3.474,3.822,2,5,5.06,5.06,5.775,1,0,1.456,1.456,2.213,1,0,1.899,1.899,2.613,1,0,2.163,2.163,2.929,1,0,2.454,2.454,3.11,1,2,1,No.,English,42.329498291016,-83.190803527832,-1,
R_7NIot7hxfzssykl,Default Response Set,Anonymous,,,107.210.80.173,0,2014-06-18 22:25:28,2014-06-18 22:29:28,1,1,,,,,,,,,,,,,,,,,,,,,,,,,,,,,,,,,,,,,,,,,,,,,,,,,,,,,,,,,,,,,,,,,,,,,,,,,,,,,,,,,,,,,,,,,,,,,,,,,,,,,,,,,,,,,,,,,,,,,,,,,,,,,,,,,,,,,,,,,,,,,,,,,,,,,,,,,,,,,,,,,,,,,,,,,,,,,,,,,,,,,,,,,,,,,,,,,,,,,,,,,0,2.532,2.532,3.546,1,0,3.766,3.766,4.732,1,4,5.934,5.934,6.972,1,0,3.829,3.829,5.175,1,0,30.457,30.457,34.119,1,2,5.755,5.755,6.697,1,3,4.277,4.277,5.219,1,5,3.724,7.16,8.822,2,3,10.11,10.11,10.983,1,0,2.15,2.15,3.02,1,4,2.767,2.767,4.301,1,4,4.789,4.789,5.925,1,0,10.068,10.068,11.562,1,2,6.667,6.667,7.785,1,3,7.705,7.705,11.201,1,1,5.514,5.514,6.424,1,0,3.024,3.024,4.022,1,0,3.122,3.122,4.236,1,0,3.315,3.315,4.554,1,0,3.064,3.064,4.546,1,,,,,,,,,,,,,,,,,,,,,,,,,,,,,,,,,,,,,,,,,,,,,,,,,,,,,,,,,,,,,,,,,,,,,,,,,,,,,,,,,,,,,,,,,,,,,,,,,,,,,2,4,thank you,English,34.803802490234,-86.618896484375,-1,
R_3mWxE3B5O8h7iW9,Default Response Set,Anonymous,,,24.21.18.134,0,2014-06-18 22:27:54,2014-06-18 22:29:44,1,1,,,,,,,,,,,,,,,,,,,,,,,,,,,,,,,,,,,,,,,,,,,,,,,,,,,,,,,,,,,,,,,,,,,,,,,,,,,,,,,,,,,,,,,,,,,,,,,,,,,,,,,,,,,,,,,,,,,,,,,,,,,,,,,,,,,,,,,,,,,,,,,,,,,,,,,,,,,,,,,,,,,,,,,,,,,,,,,,,,,,,,,,,,,,,,,,,,,,,,,,,0,6.695,6.695,7.645,1,0,1.713,1.713,2.324,1,0,2.149,2.753,3.93,2,0,1.464,1.464,2.225,1,0,1.571,2.151,2.7,2,2,2.09,2.09,2.725,1,3,2.172,2.172,2.74,1,1,2.39,2.39,3.175,1,3,1.926,1.926,2.657,1,1,2.353,2.353,2.959,1,2,1.372,1.8820000000000001,2.087,2,1,1.914,1.914,2.574,1,4,1.328,2.38,2.843,2,0,1.716,1.716,2.375,1,4,1.271,1.271,1.892,1,3,0.988,1.521,1.766,2,1,1.707,1.707,2.35,1,0,1.453,1.453,2.103,1,1,2.062,2.062,2.651,1,0,0.926,1.412,2.511,2,,,,,,,,,,,,,,,,,,,,,,,,,,,,,,,,,,,,,,,,,,,,,,,,,,,,,,,,,,,,,,,,,,,,,,,,,,,,,,,,,,,,,,,,,,,,,,,,,,,,,1,1,none at this time,English,45.498001098633,-122.77839660645,-1,
R_3arSQ6DUguat54N,Default Response Set,Anonymous,,,108.209.177.197,0,2014-06-18 22:28:11,2014-06-18 22:30:49,1,1,,,,,,,,,,,,,,,,,,,,,,,,,,,,,,,,,,,,,,,,,,,,,,,,,,,,,,,,,,,,,,,,,,,,,,,,,,,,,,,,,,,,,,,,,,,,,,,,,,,,,,,,,,,,,,,,,,,,,,,,,,,,,,,,,,,,,,,,,,,,,,,,,,,,,,,,,,,,,,,,,,,,,,,,,,,,,,,,,,,,,,,,,,,,,,,,,,,,,,,,,,,,,,,,,,,,,,,,,,,,,,,,,,,,,,,,,,,,,,,,,,,,,,,,,,,,,,,,,,,,,,,,,,,,,,,,,,,,,,,,,,,,,,,,,,,,,,,,,,,,,1,11.002,17.068,18.646,2,0,1.994,1.994,2.963,1,0,3.354,3.354,4.445,1,0,2.142,2.142,2.93,1,0,3.715,3.715,4.59,1,0,2.657,2.657,3.699,1,0,3.295,3.295,4.36,1,0,3.366,3.366,4.159,1,0,2.272,2.272,3.213,1,0,4.97,4.97,6.059,1,0,2.663,2.663,3.632,1,0,4.195,4.195,5.268,1,0,2.738,2.738,3.579,1,1,8.351,8.351,9.104,1,0,4.582,4.582,6.127,1,4,8.709,8.709,10.209,1,0,3.376,3.376,4.369,1,0,2.739,2.739,3.468,1,0,5.07,5.07,6.238,1,0,2.939,2.939,4.012,1,3,4,No,english,33.645095825195,-117.67860412598,-1,
R_cMxzaF89qEZjjnv,Default Response Set,Anonymous,,,173.19.225.73,0,2014-06-18 22:27:47,2014-06-18 22:31:08,1,1,,,,,,,,,,,,,,,,,,,,,,,,,,,,,,,,,,,,,,,,,,,,,,,,,,,,,,,,,,,,,,,,,,,,,,,,,,,,,,,,,,,,,,,,,,,,,,,,,,,,,,,,,,,,,,,,,,,,,,,,,,,,,,,,,,,,,,,,,,,,,,,,,,,,,,,,,,,,,,,,,,,,,,,,,,,,,,,,,,,,,,,,,,,,,,,,,,,,,,,,,1,3.419,3.419,4.424,1,1,7.649,7.649,8.638,1,1,3.334,3.334,4.019,1,1,2.549,2.549,3.426,1,1,7.043,14.475,15.415,3,3,4.11,4.11,4.899,1,3,1.143,1.983,2.723,2,3,2.433,2.433,3.246,1,4,2.598,2.598,3.617,1,3,9.8,9.8,10.957,1,2,2.04,2.04,2.782,1,1,3.623,3.623,4.444,1,0,3.881,3.881,4.742,1,3,1.621,1.621,4.01,1,3,5.039,5.039,5.667,1,2,2.572,2.572,3.257,1,4,3.916,19.476,20.194,5,1,4.361,34.441,35.222,3,3,2.032,2.032,2.869,1,2,5.042,5.042,6,1,,,,,,,,,,,,,,,,,,,,,,,,,,,,,,,,,,,,,,,,,,,,,,,,,,,,,,,,,,,,,,,,,,,,,,,,,,,,,,,,,,,,,,,,,,,,,,,,,,,,,3,1,GOOD SURVEY,TELUGU,41.641906738281,-91.461700439453,-1,
R_0iwjF7Dwu1mrHaR,Default Response Set,Anonymous,,,70.195.64.95,0,2014-06-18 22:24:58,2014-06-18 22:31:36,1,1,,,,,,,,,,,,,,,,,,,,,,,,,,,,,,,,,,,,,,,,,,,,,,,,,,,,,,,,,,,,,,,,,,,,,,,,,,,,,,,,,,,,,,,,,,,,,,,,,,,,,,,,,,,,,,,,,,,,,,,,,,,,,,,,,,,,,,,,,,,,,,,,,,,,,,,,,,,,,,,,,,,,,,,,,,,,,,,,,,,,,,,,,,,,,,,,,,,,,,,,,,,,,,,,,,,,,,,,,,,,,,,,,,,,,,,,,,,,,,,,,,,,,,,,,,,,,,,,,,,,,,,,,,,,,,,,,,,,,,,,,,,,,,,,,,,,,,,,,,,,,2,7.763,12.32,14.635,2,0,14.189,14.189,15.747,1,0,7.009,7.009,8.564,1,0,6.08,6.08,7.68,1,0,4.193,4.193,6.366,1,0,4.696,4.696,6.278,1,3,4.836,4.836,6.424,1,1,3.3,3.3,5.118,1,1,5.767,5.767,7.832,1,1,4.281,4.281,6.014,1,1,5.804,5.804,7.501,1,1,16.55,16.55,19.224,1,0,4.022,4.022,6.483,1,1,10.819,10.819,13.016,1,1,9.082,9.082,10.798,1,1,8.796,8.796,11.741,1,0,17.586,17.586,19.204,1,0,4.013,4.013,5.595,1,0,3.232,3.232,26.518,1,0,3.551,3.551,5.48,1,2,4,Most of the words seemed very dissimilar. I rather expected more similarity.,English,38.627304077148,-90.197898864746,-1,
R_d5ag1NAbgc16Uip,Default Response Set,Anonymous,,,98.222.172.222,0,2014-06-18 22:30:06,2014-06-18 22:31:56,1,1,,,,,,,,,,,,,,,,,,,,,,,,,,,,,,,,,,,,,,,,,,,,,,,,,,,,,,,,,,,,,,,,,,,,,,,,,,,,,,,,,,,,,,,,,,,,,,,,,,,,,0,1.864,1.864,2.5,1,0,1.71,2.445,2.876,2,0,2.036,2.036,2.736,1,0,1.808,1.808,2.64,1,0,3.087,4.221,5.131,2,0,3.318,3.7110000000000003,4.443,2,4,2.704,2.704,3.542,1,3,1.449,1.449,2.062,1,5,2.074,2.074,2.547,1,2,2.43,2.43,3.095,1,3,1.911,1.911,2.674,1,3,1.955,1.955,2.693,1,1,1.611,1.611,2.444,1,5,1.822,1.822,2.448,1,4,1.887,2.6029999999999998,3.398,2,6,1.692,1.692,2.381,1,0,2.259,2.997,3.398,2,0,2.292,3.745,4.622,2,1,5.841,5.841,6.649,1,0,2.143,2.143,2.872,1,,,,,,,,,,,,,,,,,,,,,,,,,,,,,,,,,,,,,,,,,,,,,,,,,,,,,,,,,,,,,,,,,,,,,,,,,,,,,,,,,,,,,,,,,,,,,,,,,,,,,,,,,,,,,,,,,,,,,,,,,,,,,,,,,,,,,,,,,,,,,,,,,,,,,,,,,,,,,,,,,,,,,,,,,,,,,,,,,,,,,,,,,,,,,,,,,,,,,,,,,3,1,none,english,40.10530090332,-85.680297851562,-1,
R_b4rWPYYQBrzXIhL,Default Response Set,Anonymous,,,50.148.77.88,0,2014-06-18 22:27:48,2014-06-18 22:31:59,1,1,,,,,,,,,,,,,,,,,,,,,,,,,,,,,,,,,,,,,,,,,,,,,,,,,,,,,,,,,,,,,,,,,,,,,,,,,,,,,,,,,,,,,,,,,,,,,,,,,,,,,1,3.941,5.864,6.495,2,0,6.731,6.731,12.634,1,0,2.744,2.744,3.685,1,0,4.124,4.888999999999999,5.888,2,0,2.786,2.786,3.914,1,0,2.132,2.955,3.356,2,1,4.181,6.851,7.876,2,0,5.052,6.632,7.727,2,3,3.437,5.618,6.476,3,1,3.512,3.512,4.685,1,1,4.284,4.284,5.603,1,2,3.921,3.921,5.369,1,,0,0,6.386,0,4,4.116,4.116,5.761,1,2,6.342,11.843,13.093,3,3,2.932,4.582,5.389,2,,0,0,4.58,0,0,3.393,3.393,4.56,1,0,3.122,8.071,11.779,5,0,3.895,5.714,7.214,2,,,,,,,,,,,,,,,,,,,,,,,,,,,,,,,,,,,,,,,,,,,,,,,,,,,,,,,,,,,,,,,,,,,,,,,,,,,,,,,,,,,,,,,,,,,,,,,,,,,,,,,,,,,,,,,,,,,,,,,,,,,,,,,,,,,,,,,,,,,,,,,,,,,,,,,,,,,,,,,,,,,,,,,,,,,,,,,,,,,,,,,,,,,,,,,,,,,,,,,,,1,1,None of those seemed very similar,English,41.759002685547,-88.261497497559,-1,
R_8w8az2cFiApRzpP,Default Response Set,Anonymous,,,67.185.88.168,0,2014-06-18 22:24:22,2014-06-18 22:32:27,1,1,,,,,,,,,,,,,,,,,,,,,,,,,,,,,,,,,,,,,,,,,,,,,,,,,,,,,,,,,,,,,,,,,,,,,,,,,,,,,,,,,,,,,,,,,,,,,,,,,,,,,,,,,,,,,,,,,,,,,,,,,,,,,,,,,,,,,,,,,,,,,,,,,,,,,,,,,,,,,,,,,,,,,,,,,,,,,,,,,,,,,,,,,,,,,,,,,,,,,,,,,0,2.514,2.514,2.962,1,0,2.204,2.204,2.672,1,0,1.541,1.541,1.986,1,0,131.849,131.849,133.692,1,0,1.06,1.06,1.489,1,1,1.522,3.8890000000000002,4.477,3,4,1.463,1.463,2.033,1,4,2.194,2.786,3.375,2,3,1.762,1.762,2.188,1,0,1.254,1.854,2.287,2,3,1.528,2.127,2.77,2,3,1.978,1.978,2.42,1,3,1.597,1.597,2.385,1,0,1.612,1.612,2.128,1,3,1.294,1.294,1.953,1,2,4.362,4.362,5.151,1,0,1.7,1.7,2.247,1,0,1.527,1.527,1.914,1,0,1.428,1.428,2.064,1,0,1.259,1.259,1.623,1,,,,,,,,,,,,,,,,,,,,,,,,,,,,,,,,,,,,,,,,,,,,,,,,,,,,,,,,,,,,,,,,,,,,,,,,,,,,,,,,,,,,,,,,,,,,,,,,,,,,,2,1,no,English,47.653701782227,-117.31430053711,-1,
R_9oF7Zffozu9TVyZ,Default Response Set,Anonymous,,,172.248.143.105,0,2014-06-18 22:28:17,2014-06-18 22:32:52,1,1,0,4.338,7.050000000000001,8.333,2,0,2.639,2.639,3.626,1,0,3.091,3.091,4.517,1,0,3.868,5.891,7.151,2,0,7.546,7.546,15.004,1,2,3.137,12.617,13.756,2,0,5.564,5.564,6.767,1,0,4.705,4.705,6.314,1,2,2.215,2.215,4.154,1,3,3.72,3.72,5.32,1,0,4.558,4.558,5.56,1,4,2.589,7.461,8.527,4,0,3.836,3.836,6.016,1,1,3.502,3.502,4.189,1,2,5.172,6.667999999999999,7.806,2,3,3.54,8.698,10.388,2,1,6.1,6.1,7.277,1,0,3.314,3.963,4.7,2,0,2.945,2.945,4.347,1,0,3.039,3.039,4.481,1,,,,,,,,,,,,,,,,,,,,,,,,,,,,,,,,,,,,,,,,,,,,,,,,,,,,,,,,,,,,,,,,,,,,,,,,,,,,,,,,,,,,,,,,,,,,,,,,,,,,,,,,,,,,,,,,,,,,,,,,,,,,,,,,,,,,,,,,,,,,,,,,,,,,,,,,,,,,,,,,,,,,,,,,,,,,,,,,,,,,,,,,,,,,,,,,,,,,,,,,,,,,,,,,,,,,,,,,,,,,,,,,,,,,,,,,,,,,,,,,,,,,,,,,,,,,,,,,,,,,,,,,,,,,,,,,,,,,,,,,,,,,,,,,,,,,,,,,,,,,,2,1,no,Engish,34.048599243164,-118.44239807129,-1,
R_41L9OguvUqSYktv,Default Response Set,Anonymous,,,99.47.88.218,0,2014-06-18 22:30:44,2014-06-18 22:33:30,1,1,2,3.031,3.031,4.548,1,0,3.065,3.065,4.783,1,0,9.315,9.315,10.693,1,0,2.375,3.434,4.622,2,0,2.024,2.024,3.25,1,0,3.018,3.018,4.093,1,2,6.157,6.157,7.182,1,1,2.672,2.672,3.646,1,2,3.166,3.166,3.986,1,3,2.054,2.054,3.028,1,0,3.259,3.259,4.683,1,6,4.094,4.094,4.865,1,2,7.424,7.424,8.246,1,3,6.295,6.295,7.28,1,3,3.353,3.353,4.113,1,2,2.704,2.704,3.779,1,3,4.984,4.984,5.866,1,0,2.355,2.355,3.478,1,0,2.841,2.841,4.144,1,0,2.917,2.917,4.231,1,,,,,,,,,,,,,,,,,,,,,,,,,,,,,,,,,,,,,,,,,,,,,,,,,,,,,,,,,,,,,,,,,,,,,,,,,,,,,,,,,,,,,,,,,,,,,,,,,,,,,,,,,,,,,,,,,,,,,,,,,,,,,,,,,,,,,,,,,,,,,,,,,,,,,,,,,,,,,,,,,,,,,,,,,,,,,,,,,,,,,,,,,,,,,,,,,,,,,,,,,,,,,,,,,,,,,,,,,,,,,,,,,,,,,,,,,,,,,,,,,,,,,,,,,,,,,,,,,,,,,,,,,,,,,,,,,,,,,,,,,,,,,,,,,,,,,,,,,,,,,1,4,NO,ENGLISH,33.073501586914,-96.903198242188,-1,
R_5tZSY3uPJhYyb2Z,Default Response Set,Anonymous,,,216.54.180.10,0,2014-06-18 22:32:33,2014-06-18 22:34:35,1,1,,,,,,,,,,,,,,,,,,,,,,,,,,,,,,,,,,,,,,,,,,,,,,,,,,,,,,,,,,,,,,,,,,,,,,,,,,,,,,,,,,,,,,,,,,,,,,,,,,,,,,,,,,,,,,,,,,,,,,,,,,,,,,,,,,,,,,,,,,,,,,,,,,,,,,,,,,,,,,,,,,,,,,,,,,,,,,,,,,,,,,,,,,,,,,,,,,,,,,,,,0,2.814,2.814,3.695,1,0,2.093,2.093,3.112,1,0,1.779,1.779,2.909,1,0,1.956,1.956,2.695,1,0,1.515,1.515,2.256,1,4,4.99,4.99,5.479,1,5,2.299,2.299,3.03,1,3,5.529,5.529,6.365,1,5,2.697,2.697,3.219,1,1,1.945,1.945,2.762,1,5,1.84,1.84,2.523,1,5,0.961,2.396,3.341,2,3,2.319,2.319,3.174,1,0,2.354,2.354,3.203,1,5,2.921,2.921,3.635,1,4,17.655,17.655,18.803,1,0,2.588,3.46,3.79,2,0,4.439,4.439,5.31,1,0,1.438,1.438,2.191,1,0,1.718,1.718,2.412,1,,,,,,,,,,,,,,,,,,,,,,,,,,,,,,,,,,,,,,,,,,,,,,,,,,,,,,,,,,,,,,,,,,,,,,,,,,,,,,,,,,,,,,,,,,,,,,,,,,,,,2,1,no,english,38.254196166992,-85.759399414062,-1,
R_9BSyzOa2YXvl59b,Default Response Set,Anonymous,,,98.217.145.139,0,2014-06-18 22:32:42,2014-06-18 22:34:41,1,1,0,2.283,2.283,2.959,1,0,1.955,2.805,3.512,2,0,1.572,1.572,2.366,1,0,1.723,1.723,2.637,1,0,3.644,6.714,7.507,3,1,1.662,2.341,3.151,2,0,1.557,1.557,2.169,1,0,1.822,2.215,2.746,2,3,1.426,1.426,2.549,1,2,2,2.674,3.043,2,1,2.31,2.31,3.187,1,3,1.547,1.547,2.45,1,0,1.369,1.369,1.946,1,1,1.777,1.777,3.225,1,2,1.911,2.501,5.921,2,1,4.053,4.053,4.994,1,1,2.496,3.27,3.81,2,0,1.507,1.507,2.19,1,0,1.994,1.994,2.652,1,0,1.65,1.65,2.357,1,,,,,,,,,,,,,,,,,,,,,,,,,,,,,,,,,,,,,,,,,,,,,,,,,,,,,,,,,,,,,,,,,,,,,,,,,,,,,,,,,,,,,,,,,,,,,,,,,,,,,,,,,,,,,,,,,,,,,,,,,,,,,,,,,,,,,,,,,,,,,,,,,,,,,,,,,,,,,,,,,,,,,,,,,,,,,,,,,,,,,,,,,,,,,,,,,,,,,,,,,,,,,,,,,,,,,,,,,,,,,,,,,,,,,,,,,,,,,,,,,,,,,,,,,,,,,,,,,,,,,,,,,,,,,,,,,,,,,,,,,,,,,,,,,,,,,,,,,,,,,3,2,nope!,English,42.372192382812,-71.178703308105,-1,
R_ezCiHek5MVGKVQF,Default Response Set,Anonymous,,,76.11.242.109,0,2014-06-18 22:32:41,2014-06-18 22:35:07,1,1,,,,,,,,,,,,,,,,,,,,,,,,,,,,,,,,,,,,,,,,,,,,,,,,,,,,,,,,,,,,,,,,,,,,,,,,,,,,,,,,,,,,,,,,,,,,,,,,,,,,,,,,,,,,,,,,,,,,,,,,,,,,,,,,,,,,,,,,,,,,,,,,,,,,,,,,,,,,,,,,,,,,,,,,,,,,,,,,,,,,,,,,,,,,,,,,,,,,,,,,,,,,,,,,,,,,,,,,,,,,,,,,,,,,,,,,,,,,,,,,,,,,,,,,,,,,,,,,,,,,,,,,,,,,,,,,,,,,,,,,,,,,,,,,,,,,,,,,,,,,,3,2.23,4.602,5.35,2,0,1.965,1.965,2.964,1,0,2.012,2.012,2.87,1,0,2.08,2.08,3.157,1,0,2.434,2.434,3.463,1,0,1.622,2.621,3.073,2,3,2.751,4.467,5.45,2,0,1.841,1.841,6.131,1,0,2.668,2.668,3.401,1,2,3.432,3.432,4.149,1,0,1.279,1.279,2.418,1,2,3.354,3.354,4.275,1,0,2.434,2.434,3.495,1,3,6.443,6.443,7.317,1,1,1.887,5.195,6.224,3,1,2.433,2.433,3.416,1,0,2.325,3.5410000000000004,4.431,2,0,6.068,6.068,7.269,1,0,2.122,2.122,3.042,1,0,1.887,1.887,2.745,1,1,2,no,English,38.009704589844,-88.503402709961,-1,
R_bKS4MsLeK8qBlkh,Default Response Set,Anonymous,,,24.119.123.181,0,2014-06-18 22:33:07,2014-06-18 22:35:32,1,1,,,,,,,,,,,,,,,,,,,,,,,,,,,,,,,,,,,,,,,,,,,,,,,,,,,,,,,,,,,,,,,,,,,,,,,,,,,,,,,,,,,,,,,,,,,,,,,,,,,,,,,,,,,,,,,,,,,,,,,,,,,,,,,,,,,,,,,,,,,,,,,,,,,,,,,,,,,,,,,,,,,,,,,,,,,,,,,,,,,,,,,,,,,,,,,,,,,,,,,,,0,6.154,6.154,8.171,1,0,2.174,2.174,3.269,1,0,3.206,3.206,4.288,1,0,2.694,2.694,3.803,1,1,2.84,2.84,3.935,1,0,2.659,2.659,4.232,1,3,2.265,3.763,4.995,2,1,3.866,3.866,4.962,1,0,2.601,2.601,3.659,1,0,2.315,2.315,3.595,1,3,3.795,3.795,4.988,1,0,2.391,2.391,3.402,1,1,3.239,3.239,4.321,1,1,3.831,3.831,4.963,1,0,3.007,3.007,4.153,1,6,3.416,3.416,4.486,1,0,2.112,2.112,3.109,1,0,2.93,2.93,4.074,1,0,2.116,2.116,3.259,1,0,2.017,2.017,3.136,1,,,,,,,,,,,,,,,,,,,,,,,,,,,,,,,,,,,,,,,,,,,,,,,,,,,,,,,,,,,,,,,,,,,,,,,,,,,,,,,,,,,,,,,,,,,,,,,,,,,,,1,2,no,English,37.2041015625,-95.73860168457,-1,
R_5BFEKpe0tokW9Tf,Default Response Set,Anonymous,,,71.90.19.248,0,2014-06-18 22:31:51,2014-06-18 22:35:38,1,1,,,,,,,,,,,,,,,,,,,,,,,,,,,,,,,,,,,,,,,,,,,,,,,,,,,,,,,,,,,,,,,,,,,,,,,,,,,,,,,,,,,,,,,,,,,,,,,,,,,,,,,,,,,,,,,,,,,,,,,,,,,,,,,,,,,,,,,,,,,,,,,,,,,,,,,,,,,,,,,,,,,,,,,,,,,,,,,,,,,,,,,,,,,,,,,,,,,,,,,,,0,4.71,14.271999999999998,15.386,2,1,7.687,7.687,14.582,1,0,2.778,2.778,4.255,1,0,2.827,2.827,3.91,1,1,7.309,7.309,8.383,1,2,5.646,5.646,6.743,1,4,4.079,4.079,5.237,1,2,7.206,7.206,8.168,1,3,4.434,4.434,5.417,1,1,11.511,11.511,16.596,1,4,6.98,6.98,7.985,1,3,3.844,3.844,4.919,1,2,5.297,5.297,6.418,1,1,6.027,6.027,6.994,1,4,6.22,6.22,8.278,1,4,7.945,7.945,8.921,1,0,4.523,4.523,5.994,1,1,4.527,4.527,5.874,1,0,2.555,2.555,4.164,1,0,2.643,2.643,5.106,1,,,,,,,,,,,,,,,,,,,,,,,,,,,,,,,,,,,,,,,,,,,,,,,,,,,,,,,,,,,,,,,,,,,,,,,,,,,,,,,,,,,,,,,,,,,,,,,,,,,,,1,4,I hope I was helpful.,english,42.667404174805,-88.945503234863,-1,
R_cx8ZighblxUjIB7,Default Response Set,Anonymous,,,99.90.197.171,0,2014-06-18 22:33:49,2014-06-18 22:36:37,1,1,0,3.294,3.294,4.08,1,1,2.582,2.582,3.246,1,1,3.29,3.29,3.988,1,1,6.309,6.309,6.983,1,3,6.336,6.336,6.938,1,1,13.379,13.379,14.079,1,2,2.874,2.874,4.957,1,3,3.308,3.308,4.198,1,4,0.323,6.035,6.63,4,4,5.623,5.623,6.329,1,1,4.16,4.16,4.947,1,5,3.813,3.813,4.416,1,3,4.097,4.097,4.956,1,5,2.478,2.478,3.159,1,1,4.734,4.734,5.568,1,4,2.825,2.825,3.756,1,4,3.082,3.082,3.847,1,1,6.244,6.244,6.91,1,0,3.426,3.426,7.15,1,1,5.436,5.436,6.166,1,,,,,,,,,,,,,,,,,,,,,,,,,,,,,,,,,,,,,,,,,,,,,,,,,,,,,,,,,,,,,,,,,,,,,,,,,,,,,,,,,,,,,,,,,,,,,,,,,,,,,,,,,,,,,,,,,,,,,,,,,,,,,,,,,,,,,,,,,,,,,,,,,,,,,,,,,,,,,,,,,,,,,,,,,,,,,,,,,,,,,,,,,,,,,,,,,,,,,,,,,,,,,,,,,,,,,,,,,,,,,,,,,,,,,,,,,,,,,,,,,,,,,,,,,,,,,,,,,,,,,,,,,,,,,,,,,,,,,,,,,,,,,,,,,,,,,,,,,,,,,2,2,no comments,english,41.626998901367,-88.204002380371,-1,
R_2rtlOVzIDvtvG3r,Default Response Set,Anonymous,,,24.29.204.125,0,2014-06-18 22:34:37,2014-06-18 22:37:25,1,1,,,,,,,,,,,,,,,,,,,,,,,,,,,,,,,,,,,,,,,,,,,,,,,,,,,,,,,,,,,,,,,,,,,,,,,,,,,,,,,,,,,,,,,,,,,,,,,,,,,,,3,2.51,2.51,4.138,1,1,3.068,3.759,5.009,2,1,2.701,2.701,3.914,1,0,10.494,10.494,13.388,1,1,3.141,3.141,4.4,1,1,1.576,6.396000000000001,7.414,2,3,1.445,2.2,3.509,2,3,2.469,3.715,4.867,2,5,4.1,6.529999999999999,7.755,2,3,2.599,3.552,4.842,2,3,2.454,2.454,3.495,1,3,3.923,4.754,5.807,2,1,2.357,2.357,3.47,1,4,2.625,4.016,4.997,2,3,2.76,2.76,3.761,1,5,4.365,4.365,13.305,1,1,2.029,2.029,3.254,1,1,3.245,3.245,4.516,1,1,3.323,3.323,4.532,1,2,2.197,2.197,3.137,1,,,,,,,,,,,,,,,,,,,,,,,,,,,,,,,,,,,,,,,,,,,,,,,,,,,,,,,,,,,,,,,,,,,,,,,,,,,,,,,,,,,,,,,,,,,,,,,,,,,,,,,,,,,,,,,,,,,,,,,,,,,,,,,,,,,,,,,,,,,,,,,,,,,,,,,,,,,,,,,,,,,,,,,,,,,,,,,,,,,,,,,,,,,,,,,,,,,,,,,,,2,3,Thank you.,English,41.231399536133,-80.756698608398,-1,
R_25B8jLnuVG9GcEl,Default Response Set,Anonymous,,,75.81.59.209,0,2014-06-18 22:34:46,2014-06-18 22:37:29,1,1,,,,,,,,,,,,,,,,,,,,,,,,,,,,,,,,,,,,,,,,,,,,,,,,,,,,,,,,,,,,,,,,,,,,,,,,,,,,,,,,,,,,,,,,,,,,,,,,,,,,,,,,,,,,,,,,,,,,,,,,,,,,,,,,,,,,,,,,,,,,,,,,,,,,,,,,,,,,,,,,,,,,,,,,,,,,,,,,,,,,,,,,,,,,,,,,,,,,,,,,,,,,,,,,,,,,,,,,,,,,,,,,,,,,,,,,,,,,,,,,,,,,,,,,,,,,,,,,,,,,,,,,,,,,,,,,,,,,,,,,,,,,,,,,,,,,,,,,,,,,,1,3.426,4.522,5.29,2,0,2.219,2.219,3.066,1,0,3.865,3.865,4.625,1,0,2.646,2.646,3.758,1,0,2.681,2.681,3.568,1,0,2.016,2.768,3.521,2,2,2.265,3.265,6.561,3,0,2.333,2.333,3.085,1,0,2.009,2.009,3.034,1,1,2.298,2.298,3.387,1,0,1.843,1.843,2.714,1,0,2.227,2.227,4.339,1,0,1.326,2.1340000000000003,3.157,2,3,3.052,3.052,4.246,1,2,12.129,14.017,14.953,3,2,3.653,3.653,4.236,1,0,8.248,8.248,9.243,1,0,27.077,27.077,30.645,1,0,7.718,7.718,8.671,1,0,2.002,2.002,2.633,1,2,3,no,English,39.033706665039,-94.541000366211,-1,
R_0PzretFB3Ss7nMN,Default Response Set,Anonymous,,,68.119.165.164,0,2014-06-18 22:32:39,2014-06-18 22:38:33,1,1,,,,,,,,,,,,,,,,,,,,,,,,,,,,,,,,,,,,,,,,,,,,,,,,,,,,,,,,,,,,,,,,,,,,,,,,,,,,,,,,,,,,,,,,,,,,,,,,,,,,,1,124.819,124.819,125.507,1,0,72.508,72.508,73.503,1,0,2.473,2.473,5.673,1,0,2.3,2.3,2.976,1,0,2.446,2.446,3.171,1,0,2.171,2.171,2.858,1,3,2.033,2.033,2.635,1,1,2.871,3.55,4.014,2,4,32.563,32.563,33.241,1,1,7.674,7.674,9.227,1,3,2.131,2.131,2.729,1,3,2.127,2.127,3.877,1,0,2.852,2.852,3.716,1,5,2.628,2.628,3.243,1,4,2.298,2.298,2.967,1,5,2.398,2.398,3.076,1,0,2.42,3.106,4.876,2,0,1.715,2.129,2.855,2,0,1.826,1.826,2.607,1,0,2.028,2.028,2.9,1,,,,,,,,,,,,,,,,,,,,,,,,,,,,,,,,,,,,,,,,,,,,,,,,,,,,,,,,,,,,,,,,,,,,,,,,,,,,,,,,,,,,,,,,,,,,,,,,,,,,,,,,,,,,,,,,,,,,,,,,,,,,,,,,,,,,,,,,,,,,,,,,,,,,,,,,,,,,,,,,,,,,,,,,,,,,,,,,,,,,,,,,,,,,,,,,,,,,,,,,,2,1,No,english,43.266098022461,-88.72029876709,-1,
R_8Jj85geTFVX0nv7,Default Response Set,Anonymous,,,71.194.139.238,0,2014-06-18 22:35:43,2014-06-18 22:38:37,1,1,1,3.388,3.388,4.25,1,1,7.016,7.016,8.152,1,0,3.058,3.058,4.186,1,1,2.492,2.492,3.445,1,1,2.674,2.674,4.003,1,0,3.452,3.452,4.55,1,0,3.507,3.507,4.749,1,0,5.189,5.189,6.399,1,3,2.572,2.572,3.771,1,4,7.543,9.719000000000001,10.51,2,1,2.946,2.946,3.977,1,4,5.323,5.323,6.275,1,3,3.992,3.992,5.135,1,2,8.487,8.487,9.641,1,4,3.669,3.669,4.525,1,2,3.234,3.234,4.218,1,1,3.682,3.682,4.915,1,0,2.821,2.821,4.873,1,0,2.827,3.439,4.503,2,1,3.585,3.585,4.681,1,,,,,,,,,,,,,,,,,,,,,,,,,,,,,,,,,,,,,,,,,,,,,,,,,,,,,,,,,,,,,,,,,,,,,,,,,,,,,,,,,,,,,,,,,,,,,,,,,,,,,,,,,,,,,,,,,,,,,,,,,,,,,,,,,,,,,,,,,,,,,,,,,,,,,,,,,,,,,,,,,,,,,,,,,,,,,,,,,,,,,,,,,,,,,,,,,,,,,,,,,,,,,,,,,,,,,,,,,,,,,,,,,,,,,,,,,,,,,,,,,,,,,,,,,,,,,,,,,,,,,,,,,,,,,,,,,,,,,,,,,,,,,,,,,,,,,,,,,,,,,2,1,n/a,English,41.692504882812,-86.144798278809,-1,
R_8bQdSfVuPY9oSX3,Default Response Set,Anonymous,,,69.138.206.212,0,2014-06-18 22:36:40,2014-06-18 22:39:07,1,1,,,,,,,,,,,,,,,,,,,,,,,,,,,,,,,,,,,,,,,,,,,,,,,,,,,,,,,,,,,,,,,,,,,,,,,,,,,,,,,,,,,,,,,,,,,,,,,,,,,,,,,,,,,,,,,,,,,,,,,,,,,,,,,,,,,,,,,,,,,,,,,,,,,,,,,,,,,,,,,,,,,,,,,,,,,,,,,,,,,,,,,,,,,,,,,,,,,,,,,,,,,,,,,,,,,,,,,,,,,,,,,,,,,,,,,,,,,,,,,,,,,,,,,,,,,,,,,,,,,,,,,,,,,,,,,,,,,,,,,,,,,,,,,,,,,,,,,,,,,,,1,7.219,7.219,8.494,1,,0,0,1.836,0,,0,0,2.09,0,,0,0,1.897,0,,0,0,1.753,0,,0,0,2.804,0,1,3.864,3.864,4.889,1,,0,0,4.292,0,2,4.486,4.486,5.545,1,1,4.631,4.631,5.618,1,,0,0,4.621,0,1,3.075,3.075,3.939,1,,0,0,3.15,0,2,5.708,5.708,6.846,1,1,3.73,3.73,4.541,1,6,8.68,8.68,10.778,1,,0,0,2.042,0,,0,0,5.597,0,,0,0,2.022,0,,0,0,3.627,0,2,2,no,English,39.34049987793,-76.496200561523,-1,
R_3WvPCCgygXpICwd,Default Response Set,Anonymous,,,174.21.135.1,0,2014-06-18 22:37:41,2014-06-18 22:39:11,1,1,,,,,,,,,,,,,,,,,,,,,,,,,,,,,,,,,,,,,,,,,,,,,,,,,,,,,,,,,,,,,,,,,,,,,,,,,,,,,,,,,,,,,,,,,,,,,,,,,,,,,0,1.136,1.136,1.633,1,1,1.265,3.8970000000000002,4.467,3,0,1.95,2.118,2.558,2,0,1.183,1.183,1.672,1,0,1.501,1.501,2.286,1,0,1.786,2.17,3.155,2,4,2.09,2.298,2.826,2,0,1.733,1.733,2.407,1,2,1.372,3.628,4.476,4,2,2.754,2.938,3.427,2,1,1.771,2.035,2.484,2,1,1.688,1.8719999999999999,2.304,2,0,1.059,1.059,1.547,1,4,4.061,9.205,9.75,5,2,2.303,2.479,2.936,2,6,2.028,2.028,2.525,1,0,1.492,1.492,2.013,1,0,0.826,1.29,4.163,2,0,1.038,1.038,1.59,1,0,1.553,1.553,2.162,1,,,,,,,,,,,,,,,,,,,,,,,,,,,,,,,,,,,,,,,,,,,,,,,,,,,,,,,,,,,,,,,,,,,,,,,,,,,,,,,,,,,,,,,,,,,,,,,,,,,,,,,,,,,,,,,,,,,,,,,,,,,,,,,,,,,,,,,,,,,,,,,,,,,,,,,,,,,,,,,,,,,,,,,,,,,,,,,,,,,,,,,,,,,,,,,,,,,,,,,,,2,1,Nope!,English,47.606201171875,-122.33209991455,-1,
R_dcow6BNcF6HC3tz,Default Response Set,Anonymous,,,50.164.173.243,0,2014-06-18 22:37:21,2014-06-18 22:39:43,1,1,,,,,,,,,,,,,,,,,,,,,,,,,,,,,,,,,,,,,,,,,,,,,,,,,,,,,,,,,,,,,,,,,,,,,,,,,,,,,,,,,,,,,,,,,,,,,,,,,,,,,,,,,,,,,,,,,,,,,,,,,,,,,,,,,,,,,,,,,,,,,,,,,,,,,,,,,,,,,,,,,,,,,,,,,,,,,,,,,,,,,,,,,,,,,,,,,,,,,,,,,0,2.144,2.144,3.162,1,0,2.312,2.312,3.314,1,0,2.156,3.039,6.023,2,0,7.439,8.231,10.136,2,0,2.27,2.27,3.399,1,0,2.024,2.024,2.915,1,1,2.366,2.366,3.203,1,0,4.408,4.408,5.465,1,1,3.818,3.818,5.781,1,0,4.252,4.252,5.598,1,2,2.115,3.692,4.86,2,1,3.192,3.192,4.151,1,0,2.173,2.173,3.309,1,0,6.794,6.794,8.389,1,1,3.105,3.105,4.655,1,1,2.61,2.61,3.842,1,0,2.144,2.144,3.335,1,0,7.852,7.852,9.143,1,0,2.299,2.299,3.447,1,0,1.915,1.915,2.977,1,,,,,,,,,,,,,,,,,,,,,,,,,,,,,,,,,,,,,,,,,,,,,,,,,,,,,,,,,,,,,,,,,,,,,,,,,,,,,,,,,,,,,,,,,,,,,,,,,,,,,2,3,no,English,42.617904663086,-70.715400695801,-1,
R_9sPTMoroOdAkoXb,Default Response Set,Anonymous,,,173.76.229.28,0,2014-06-18 22:37:45,2014-06-18 22:41:59,1,1,,,,,,,,,,,,,,,,,,,,,,,,,,,,,,,,,,,,,,,,,,,,,,,,,,,,,,,,,,,,,,,,,,,,,,,,,,,,,,,,,,,,,,,,,,,,,,,,,,,,,,,,,,,,,,,,,,,,,,,,,,,,,,,,,,,,,,,,,,,,,,,,,,,,,,,,,,,,,,,,,,,,,,,,,,,,,,,,,,,,,,,,,,,,,,,,,,,,,,,,,1,9.522,9.522,10.955,1,0,4.939,4.939,7.277,1,0,2.23,2.23,3.41,1,0,3.144,3.144,4.231,1,1,3.34,7.334,8.52,2,3,6.389,6.389,7.309,1,5,3.949,7.166,8.496,2,4,4.629,4.629,5.945,1,4,3.384,3.384,4.395,1,1,5.491,10.734,12.522,2,5,4.76,4.76,6.973,1,3,6.3,6.3,7.4,1,3,4.634,4.634,5.869,1,2,5.408,5.408,6.708,1,5,3.036,5.069,6.081,2,4,6.641,11.132,12.303,2,0,4.455,4.455,5.764,1,0,5.061,5.061,7.265,1,0,8.611,8.611,10.135,1,0,4.368,4.368,5.455,1,,,,,,,,,,,,,,,,,,,,,,,,,,,,,,,,,,,,,,,,,,,,,,,,,,,,,,,,,,,,,,,,,,,,,,,,,,,,,,,,,,,,,,,,,,,,,,,,,,,,,2,1,no,english,42.31689453125,-71.208198547363,-1,
R_dpqdumB6Rl1zKbX,Default Response Set,Anonymous,,,108.51.18.200,0,2014-06-18 22:40:50,2014-06-18 22:43:46,1,1,0,2.178,2.178,3.568,1,0,3.154,3.154,4.347,1,0,2.417,5.464,6.613,2,0,3.668,3.668,4.946,1,0,3.676,3.676,5.061,1,0,3.625,3.625,4.937,1,0,2.377,2.377,3.769,1,1,3.439,3.439,4.759,1,3,3.405,3.405,4.464,1,2,4.44,4.44,5.614,1,1,3.237,3.237,4.495,1,4,3.495,3.495,4.603,1,0,7.425,7.425,9.193,1,0,4.09,4.09,7.424,1,0,3.177,3.177,4.595,1,2,6.089,6.089,7.302,1,2,2.632,2.632,3.776,1,0,2.224,2.224,3.581,1,0,3.711,3.711,5.339,1,0,3.617,5.281,6.588,2,,,,,,,,,,,,,,,,,,,,,,,,,,,,,,,,,,,,,,,,,,,,,,,,,,,,,,,,,,,,,,,,,,,,,,,,,,,,,,,,,,,,,,,,,,,,,,,,,,,,,,,,,,,,,,,,,,,,,,,,,,,,,,,,,,,,,,,,,,,,,,,,,,,,,,,,,,,,,,,,,,,,,,,,,,,,,,,,,,,,,,,,,,,,,,,,,,,,,,,,,,,,,,,,,,,,,,,,,,,,,,,,,,,,,,,,,,,,,,,,,,,,,,,,,,,,,,,,,,,,,,,,,,,,,,,,,,,,,,,,,,,,,,,,,,,,,,,,,,,,,4,3,none,English,39.004592895508,-77.036903381348,-1,
R_d0ecTfUWqPZg86N,Default Response Set,Anonymous,,,76.218.65.72,0,2014-06-18 22:42:34,2014-06-18 22:44:50,1,1,,,,,,,,,,,,,,,,,,,,,,,,,,,,,,,,,,,,,,,,,,,,,,,,,,,,,,,,,,,,,,,,,,,,,,,,,,,,,,,,,,,,,,,,,,,,,,,,,,,,,0,3.971,4.649,5.328,2,0,15.157,15.157,15.972,1,0,2.617,2.617,3.341,1,0,1.521,2.185,2.758,2,0,1.843,1.843,2.629,1,0,2.222,2.222,2.902,1,1,2.03,2.03,2.805,1,1,0.819,2.426,2.717,3,2,1.238,3.609,4.342,2,0,1.516,1.516,2.195,1,1,0.589,3.2479999999999998,3.538,3,0,1.977,1.977,2.644,1,0,2.417,2.731,3.41,2,3,0.5,2.6919999999999997,3.749,4,0,0.496,1.173,1.463,2,0,2.299,9.18,11.555,4,0,3.315,3.804,4.469,2,0,0.922,0.922,2.099,1,0,0.564,0.9169999999999999,1.636,2,0,2.362,3.09,3.46,2,,,,,,,,,,,,,,,,,,,,,,,,,,,,,,,,,,,,,,,,,,,,,,,,,,,,,,,,,,,,,,,,,,,,,,,,,,,,,,,,,,,,,,,,,,,,,,,,,,,,,,,,,,,,,,,,,,,,,,,,,,,,,,,,,,,,,,,,,,,,,,,,,,,,,,,,,,,,,,,,,,,,,,,,,,,,,,,,,,,,,,,,,,,,,,,,,,,,,,,,,2,1,thx,english,37.629302978516,-122.11630249023,-1,
R_0epnpoxwFJ2OAeh,Default Response Set,Anonymous,,,71.171.100.18,0,2014-06-18 22:42:55,2014-06-18 22:45:27,1,1,,,,,,,,,,,,,,,,,,,,,,,,,,,,,,,,,,,,,,,,,,,,,,,,,,,,,,,,,,,,,,,,,,,,,,,,,,,,,,,,,,,,,,,,,,,,,,,,,,,,,,,,,,,,,,,,,,,,,,,,,,,,,,,,,,,,,,,,,,,,,,,,,,,,,,,,,,,,,,,,,,,,,,,,,,,,,,,,,,,,,,,,,,,,,,,,,,,,,,,,,,,,,,,,,,,,,,,,,,,,,,,,,,,,,,,,,,,,,,,,,,,,,,,,,,,,,,,,,,,,,,,,,,,,,,,,,,,,,,,,,,,,,,,,,,,,,,,,,,,,,3,4.101,4.101,4.746,1,1,3.966,3.966,5.133,1,1,3.349,3.349,4.112,1,6,2.306,6.8870000000000005,7.185,3,2,3.758,3.758,4.788,1,0,3.785,3.785,4.687,1,5,5.918,5.918,6.879,1,2,2.627,2.627,4.185,1,1,5.967,5.967,7.938,1,4,5.998,5.998,6.674,1,4,3.632,3.632,5.148,1,4,3.147,3.939,4.277,2,2,3.646,3.646,4.429,1,2,2.275,2.275,3.742,1,0,4.458,4.458,5.378,1,4,4.116,4.116,4.969,1,1,4.203,6.3020000000000005,6.798,2,2,6.282,10.257,11.212,4,1,3.071,3.912,4.577,2,0,2.945,2.945,3.993,1,2,1,no.,english,39.1748046875,-77.532600402832,-1,
R_3l6i9GZsSB8BDql,Default Response Set,Anonymous,,,75.13.90.238,0,2014-06-18 22:44:08,2014-06-18 22:45:44,1,1,,,,,,,,,,,,,,,,,,,,,,,,,,,,,,,,,,,,,,,,,,,,,,,,,,,,,,,,,,,,,,,,,,,,,,,,,,,,,,,,,,,,,,,,,,,,,,,,,,,,,3,0.411,0.411,0.933,1,3,1.218,1.218,1.74,1,3,1.265,1.265,3.84,1,3,0.192,0.648,1.258,2,3,0.371,0.7789999999999999,1.381,2,2,0.314,0.8009999999999999,1.212,2,3,0.489,0.489,1.044,1,3,3.746,3.746,5.129,1,3,0.482,0.482,1.06,1,3,1.287,1.79,2.312,2,3,0.677,0.677,1.739,1,3,1.254,1.254,2.531,1,4,0.556,0.556,1.659,1,3,0.584,0.584,1.899,1,3,0.859,2.1020000000000003,2.801,2,3,16.826,16.826,17.388,1,3,0.991,0.991,1.513,1,4,0.287,0.287,0.801,1,3,0.425,0.425,1.283,1,3,0.661,0.661,1.326,1,,,,,,,,,,,,,,,,,,,,,,,,,,,,,,,,,,,,,,,,,,,,,,,,,,,,,,,,,,,,,,,,,,,,,,,,,,,,,,,,,,,,,,,,,,,,,,,,,,,,,,,,,,,,,,,,,,,,,,,,,,,,,,,,,,,,,,,,,,,,,,,,,,,,,,,,,,,,,,,,,,,,,,,,,,,,,,,,,,,,,,,,,,,,,,,,,,,,,,,,,2,1,no,english,30.205795288086,-97.800201416016,-1,
R_bvxEyqsYASP1Dpz,Default Response Set,Anonymous,,,68.52.126.123,0,2014-06-18 22:43:40,2014-06-18 22:45:57,1,1,,,,,,,,,,,,,,,,,,,,,,,,,,,,,,,,,,,,,,,,,,,,,,,,,,,,,,,,,,,,,,,,,,,,,,,,,,,,,,,,,,,,,,,,,,,,,,,,,,,,,,,,,,,,,,,,,,,,,,,,,,,,,,,,,,,,,,,,,,,,,,,,,,,,,,,,,,,,,,,,,,,,,,,,,,,,,,,,,,,,,,,,,,,,,,,,,,,,,,,,,2,2.035,2.035,4.149,1,3,3.111,3.111,3.989,1,2,2.9,2.9,4.758,1,2,1.623,1.623,2.789,1,2,1.702,1.702,2.359,1,3,1.134,6.056,6.943,3,1,1.197,2.095,2.902,2,2,12.106,12.106,12.964,1,1,1.656,1.656,2.932,1,2,0.705,0.705,1.582,1,2,2.618,2.618,3.485,1,3,1.1,1.1,1.877,1,3,1.203,1.203,2.439,1,0,0.709,3.369,4.117,2,1,1.499,2.574,3.583,2,2,2.768,3.5039999999999996,4.512,2,1,9.118,9.118,10.344,1,2,1.897,1.897,2.974,1,2,1.11,4.706,6.301,5,1,1.652,1.652,2.689,1,,,,,,,,,,,,,,,,,,,,,,,,,,,,,,,,,,,,,,,,,,,,,,,,,,,,,,,,,,,,,,,,,,,,,,,,,,,,,,,,,,,,,,,,,,,,,,,,,,,,,2,2,"No comments,thanks.",chinese,36.141494750977,-86.859901428223,-1,
R_blNn6MgbJ9JM1Cd,Default Response Set,Anonymous,,,12.71.108.206,0,2014-06-18 22:44:13,2014-06-18 22:45:59,1,1,,,,,,,,,,,,,,,,,,,,,,,,,,,,,,,,,,,,,,,,,,,,,,,,,,,,,,,,,,,,,,,,,,,,,,,,,,,,,,,,,,,,,,,,,,,,,,,,,,,,,,,,,,,,,,,,,,,,,,,,,,,,,,,,,,,,,,,,,,,,,,,,,,,,,,,,,,,,,,,,,,,,,,,,,,,,,,,,,,,,,,,,,,,,,,,,,,,,,,,,,,,,,,,,,,,,,,,,,,,,,,,,,,,,,,,,,,,,,,,,,,,,,,,,,,,,,,,,,,,,,,,,,,,,,,,,,,,,,,,,,,,,,,,,,,,,,,,,,,,,,2,1.877,1.877,2.649,1,0,4.844,4.844,5.624,1,0,1.956,1.956,2.567,1,1,1.435,1.435,2.004,1,1,6.427,6.427,7.023,1,0,1.989,1.989,2.561,1,3,1.463,1.463,2.05,1,1,2.485,2.485,3.083,1,1,2.365,2.365,2.905,1,3,5.48,5.48,6.067,1,1,3.212,3.212,3.831,1,1,2.53,2.53,3.084,1,2,2.127,2.127,2.81,1,3,1.702,1.702,2.225,1,1,3.39,3.39,3.968,1,1,1.286,1.286,1.929,1,1,1.681,1.681,2.34,1,0,2.454,2.454,3.105,1,1,3.786,3.786,4.397,1,0,1.817,1.817,2.405,1,2,3,none,English,42.463195800781,-96.321998596191,-1,
R_0c9PcSUG17cwGCV,Default Response Set,Anonymous,,,75.4.129.251,0,2014-06-18 22:44:17,2014-06-18 22:46:15,1,1,0,2.55,2.55,3.891,1,1,1.714,1.714,2.292,1,3,0.361,2.0309999999999997,2.363,4,4,0.97,3.0599999999999996,3.737,4,4,2.701,2.701,3.687,1,1,2.695,3.851,4.75,4,2,1.541,1.541,2.603,1,1,7.751,9.028,9.679,2,5,0.355,1.3719999999999999,1.867,2,5,3.041,3.041,3.685,1,3,1.837,1.837,2.723,1,6,2.671,3.827,4.184,3,2,1.528,2.879,3.94,4,5,1.505,1.505,2.183,1,1,2.374,2.374,3.184,1,4,3.423,3.423,4.148,1,2,2.749,2.749,3.437,1,2,0.911,0.911,1.674,1,1,0.157,2.137,2.766,5,1,1.799,1.799,2.573,1,,,,,,,,,,,,,,,,,,,,,,,,,,,,,,,,,,,,,,,,,,,,,,,,,,,,,,,,,,,,,,,,,,,,,,,,,,,,,,,,,,,,,,,,,,,,,,,,,,,,,,,,,,,,,,,,,,,,,,,,,,,,,,,,,,,,,,,,,,,,,,,,,,,,,,,,,,,,,,,,,,,,,,,,,,,,,,,,,,,,,,,,,,,,,,,,,,,,,,,,,,,,,,,,,,,,,,,,,,,,,,,,,,,,,,,,,,,,,,,,,,,,,,,,,,,,,,,,,,,,,,,,,,,,,,,,,,,,,,,,,,,,,,,,,,,,,,,,,,,,,2,2,"It was pretty simple, easy to follow!",Polish,42.088394165039,-87.980598449707,-1,
R_cCprobEO5sivcFL,Default Response Set,Anonymous,,,66.177.146.93,0,2014-06-18 22:44:45,2014-06-18 22:46:20,1,1,,,,,,,,,,,,,,,,,,,,,,,,,,,,,,,,,,,,,,,,,,,,,,,,,,,,,,,,,,,,,,,,,,,,,,,,,,,,,,,,,,,,,,,,,,,,,,,,,,,,,0,1.41,1.41,2.489,1,1,2.53,2.53,3.14,1,1,0.704,0.704,1.354,1,1,1.272,1.272,1.752,1,0,2.18,2.18,2.803,1,1,4.914,4.914,5.756,1,3,2.243,2.243,2.669,1,3,2.44,2.44,2.929,1,5,1.071,1.071,1.6,1,4,1.384,1.384,1.866,1,1,1.933,1.933,2.478,1,1,1.753,1.753,2.347,1,1,2.619,2.619,3.132,1,6,1.76,2.206,2.55,2,5,6.622,6.622,7.158,1,6,1.701,1.701,2.111,1,2,0.55,1.19,1.576,2,0,1.396,1.396,2.58,1,1,0.88,0.88,1.562,1,2,1.739,1.739,2.429,1,,,,,,,,,,,,,,,,,,,,,,,,,,,,,,,,,,,,,,,,,,,,,,,,,,,,,,,,,,,,,,,,,,,,,,,,,,,,,,,,,,,,,,,,,,,,,,,,,,,,,,,,,,,,,,,,,,,,,,,,,,,,,,,,,,,,,,,,,,,,,,,,,,,,,,,,,,,,,,,,,,,,,,,,,,,,,,,,,,,,,,,,,,,,,,,,,,,,,,,,,2,1,NO,English,30.279296875,-81.585098266602,-1,
R_6YvzCtlPCe2rkP3,Default Response Set,Anonymous,,,104.12.52.175,0,2014-06-18 22:44:28,2014-06-18 22:46:30,1,1,0,1.748,1.748,2.611,1,1,1.638,1.638,2.83,1,0,1.528,1.528,2.393,1,0,2.469,2.469,3.619,1,0,2.337,2.337,2.953,1,1,1.082,1.082,1.854,1,1,1.886,1.886,2.638,1,1,1.526,1.526,2.511,1,1,6.586,6.586,7.42,1,3,0.843,2.179,2.699,3,2,2.874,2.874,3.713,1,5,2.712,4.128,4.778,3,0,0.658,0.658,1.491,1,4,1.775,2.5909999999999997,3.003,2,0,3.471,3.471,4.354,1,6,0.978,2.34,3.029,2,1,1.55,1.55,2.038,1,1,1.833,1.833,2.649,1,1,1.264,1.264,1.877,1,1,1.436,1.436,2.577,1,,,,,,,,,,,,,,,,,,,,,,,,,,,,,,,,,,,,,,,,,,,,,,,,,,,,,,,,,,,,,,,,,,,,,,,,,,,,,,,,,,,,,,,,,,,,,,,,,,,,,,,,,,,,,,,,,,,,,,,,,,,,,,,,,,,,,,,,,,,,,,,,,,,,,,,,,,,,,,,,,,,,,,,,,,,,,,,,,,,,,,,,,,,,,,,,,,,,,,,,,,,,,,,,,,,,,,,,,,,,,,,,,,,,,,,,,,,,,,,,,,,,,,,,,,,,,,,,,,,,,,,,,,,,,,,,,,,,,,,,,,,,,,,,,,,,,,,,,,,,,2,1,no,english,26.579193115234,-80.080596923828,-1,
R_9FuORiq8FmVslI9,Default Response Set,Anonymous,,,97.81.172.133,0,2014-06-18 22:44:25,2014-06-18 22:46:38,1,1,,,,,,,,,,,,,,,,,,,,,,,,,,,,,,,,,,,,,,,,,,,,,,,,,,,,,,,,,,,,,,,,,,,,,,,,,,,,,,,,,,,,,,,,,,,,,,,,,,,,,,,,,,,,,,,,,,,,,,,,,,,,,,,,,,,,,,,,,,,,,,,,,,,,,,,,,,,,,,,,,,,,,,,,,,,,,,,,,,,,,,,,,,,,,,,,,,,,,,,,,0,1.735,1.735,2.348,1,0,2.524,2.524,3.068,1,0,1.918,1.918,2.628,1,0,1.838,2.5100000000000002,3.626,2,1,1.755,1.755,2.322,1,0,1.433,2.201,2.583,2,3,1.738,2.3449999999999998,2.946,2,0,2.04,2.04,2.732,1,3,2.02,2.564,2.89,2,0,2.258,2.258,2.871,1,2,8.056,8.056,8.803,1,4,1.675,2.847,3.508,3,0,3.877,3.877,5.148,1,1,15.674,15.674,19.936,1,3,3.238,3.973,4.362,2,5,3.063,3.063,3.612,1,0,1.576,1.576,2.372,1,0,3.333,4.441,5.104,3,0,2.004,4.079,7.396,3,0,1.634,1.634,2.344,1,,,,,,,,,,,,,,,,,,,,,,,,,,,,,,,,,,,,,,,,,,,,,,,,,,,,,,,,,,,,,,,,,,,,,,,,,,,,,,,,,,,,,,,,,,,,,,,,,,,,,1,1,n/a,English,36.244293212891,-85.542602539062,-1,
R_88Gqiw5g7uZdned,Default Response Set,Anonymous,,,174.55.234.204,0,2014-06-18 22:44:11,2014-06-18 22:46:41,1,1,,,,,,,,,,,,,,,,,,,,,,,,,,,,,,,,,,,,,,,,,,,,,,,,,,,,,,,,,,,,,,,,,,,,,,,,,,,,,,,,,,,,,,,,,,,,,,,,,,,,,,,,,,,,,,,,,,,,,,,,,,,,,,,,,,,,,,,,,,,,,,,,,,,,,,,,,,,,,,,,,,,,,,,,,,,,,,,,,,,,,,,,,,,,,,,,,,,,,,,,,,,,,,,,,,,,,,,,,,,,,,,,,,,,,,,,,,,,,,,,,,,,,,,,,,,,,,,,,,,,,,,,,,,,,,,,,,,,,,,,,,,,,,,,,,,,,,,,,,,,,1,1.943,4.0649999999999995,4.863,2,0,2.481,2.481,3.739,1,0,1.304,1.304,2.232,1,0,1.364,1.364,2.21,1,1,1.699,6.529,7.625,2,0,7.203,9.101,9.978,3,1,1.413,3.064,3.812,2,1,1.889,4.708,5.544,2,1,1.703,3.529,4.539,2,2,1.845,9.688,10.424,2,1,3.126,5.1530000000000005,5.961,2,1,1.835,4.917,5.691,2,0,1.666,1.666,3.623,1,1,1.432,3.604,5.26,2,2,1.836,5.5040000000000004,6.402,2,3,5.471,14.989,15.725,2,0,1.722,1.722,3.129,1,0,1.99,1.99,3.754,1,0,1.324,1.324,2.001,1,0,1.752,3.017,3.902,2,2,1,No.,English,39.841796875,-77.229103088379,-1,
R_2c15LooueR6bjVP,Default Response Set,Anonymous,,,75.182.5.148,0,2014-06-18 22:44:29,2014-06-18 22:46:58,1,1,,,,,,,,,,,,,,,,,,,,,,,,,,,,,,,,,,,,,,,,,,,,,,,,,,,,,,,,,,,,,,,,,,,,,,,,,,,,,,,,,,,,,,,,,,,,,,,,,,,,,,,,,,,,,,,,,,,,,,,,,,,,,,,,,,,,,,,,,,,,,,,,,,,,,,,,,,,,,,,,,,,,,,,,,,,,,,,,,,,,,,,,,,,,,,,,,,,,,,,,,0,0,0,3.136,0,1,0,0,3.551,0,1,0,0,4.375,0,0,0,0,3.046,0,0,0,0,2.927,0,1,0,0,5.775,0,5,0,0,2.987,0,2,0,0,3.263,0,1,0,0,3.41,0,1,0,0,4.761,0,3,0,0,3.229,0,3,0,0,4.838,0,2,0,0,3.762,0,1,0,0,2.178,0,2,0,0,3.441,0,1,0,0,3.517,0,0,0,0,2.998,0,0,0,0,3.79,0,0,0,0,3.483,0,0,5.797,5.797,9.017,1,,,,,,,,,,,,,,,,,,,,,,,,,,,,,,,,,,,,,,,,,,,,,,,,,,,,,,,,,,,,,,,,,,,,,,,,,,,,,,,,,,,,,,,,,,,,,,,,,,,,,2,1,No,English,33.9541015625,-81.060096740723,-1,
R_bapRbnWB1wbWl13,Default Response Set,Anonymous,,,66.30.248.183,0,2014-06-18 22:44:16,2014-06-18 22:47:08,1,1,,,,,,,,,,,,,,,,,,,,,,,,,,,,,,,,,,,,,,,,,,,,,,,,,,,,,,,,,,,,,,,,,,,,,,,,,,,,,,,,,,,,,,,,,,,,,,,,,,,,,,,,,,,,,,,,,,,,,,,,,,,,,,,,,,,,,,,,,,,,,,,,,,,,,,,,,,,,,,,,,,,,,,,,,,,,,,,,,,,,,,,,,,,,,,,,,,,,,,,,,,,,,,,,,,,,,,,,,,,,,,,,,,,,,,,,,,,,,,,,,,,,,,,,,,,,,,,,,,,,,,,,,,,,,,,,,,,,,,,,,,,,,,,,,,,,,,,,,,,,,3,4.188,5.385999999999999,10.361,2,0,1.948,2.315,3.434,2,0,2.311,2.311,5.307,1,0,2.301,2.301,3.366,1,0,3.44,3.44,5.84,1,0,2.773,2.773,3.573,1,2,3.363,3.363,4.075,1,0,3.127,3.127,5.409,1,2,3.819,3.819,9.821,1,1,3.837,3.837,4.858,1,1,2.304,3.6149999999999998,4.706,3,0,3.619,3.619,4.559,1,0,9.106,9.106,13.321,1,3,4.694,4.694,5.713,1,2,5.21,5.21,6.273,1,6,2.219,2.219,6.691,1,0,1.886,2.29,3.028,2,0,2.303,2.303,3.233,1,0,2.918,2.918,3.723,1,0,1.913,1.913,2.723,1,1,1,N/A,English,42.399703979492,-71.031600952148,-1,
R_6z0CyjyfSZ1DF1r,Default Response Set,Anonymous,,,50.199.124.58,0,2014-06-18 22:44:06,2014-06-18 22:47:39,1,1,,,,,,,,,,,,,,,,,,,,,,,,,,,,,,,,,,,,,,,,,,,,,,,,,,,,,,,,,,,,,,,,,,,,,,,,,,,,,,,,,,,,,,,,,,,,,,,,,,,,,0,2.404,3.53,4.344,2,0,3.854,3.854,4.963,1,0,5.794,9.593,11.423,2,0,2.662,2.662,3.893,1,0,3.147,3.147,4.185,1,0,2.575,2.575,3.671,1,4,11.73,11.73,30.616,1,2,3.819,8.696,9.642,2,5,2.061,2.061,2.901,1,1,5.324,5.324,6.259,1,4,4.976,7.027,7.88,2,1,3.371,3.371,4.513,1,1,2.053,2.053,2.94,1,6,2.23,2.23,3.718,1,4,3.213,3.213,5.803,1,4,2.947,2.947,3.731,1,0,2.14,2.14,2.989,1,1,2.549,3.356,5.133,2,0,2.06,2.06,2.988,1,0,3.704,3.704,4.743,1,,,,,,,,,,,,,,,,,,,,,,,,,,,,,,,,,,,,,,,,,,,,,,,,,,,,,,,,,,,,,,,,,,,,,,,,,,,,,,,,,,,,,,,,,,,,,,,,,,,,,,,,,,,,,,,,,,,,,,,,,,,,,,,,,,,,,,,,,,,,,,,,,,,,,,,,,,,,,,,,,,,,,,,,,,,,,,,,,,,,,,,,,,,,,,,,,,,,,,,,,2,1,Some words did not seem like verbs (ex. Dirty).,English,33.748992919922,-84.388000488281,-1,
R_2t6DiQnd5eAZHSt,Default Response Set,Anonymous,,,69.179.247.46,0,2014-06-18 22:45:18,2014-06-18 22:48:08,1,1,,,,,,,,,,,,,,,,,,,,,,,,,,,,,,,,,,,,,,,,,,,,,,,,,,,,,,,,,,,,,,,,,,,,,,,,,,,,,,,,,,,,,,,,,,,,,,,,,,,,,,,,,,,,,,,,,,,,,,,,,,,,,,,,,,,,,,,,,,,,,,,,,,,,,,,,,,,,,,,,,,,,,,,,,,,,,,,,,,,,,,,,,,,,,,,,,,,,,,,,,0,1.636,1.636,3.785,1,1,3.117,3.117,3.679,1,0,4.032,4.032,4.715,1,0,29.64,29.64,30.594,1,0,11.698,12.083,12.965,2,2,3.743,3.743,4.234,1,5,2.092,2.513,2.898,2,5,2.431,4.453,4.808,3,4,2.042,2.042,2.441,1,0,4.033,4.033,4.628,1,3,11.044,11.044,11.71,1,2,2.072,2.664,3.994,2,3,3.225,3.225,3.468,1,1,6.613,6.613,7.206,1,1,1.858,1.858,2.809,1,3,2.154,2.154,2.58,1,0,1.619,2.8760000000000003,3.443,3,0,2.893,2.893,3.285,1,0,1.978,2.634,7.305,2,1,2.805,2.805,3.399,1,,,,,,,,,,,,,,,,,,,,,,,,,,,,,,,,,,,,,,,,,,,,,,,,,,,,,,,,,,,,,,,,,,,,,,,,,,,,,,,,,,,,,,,,,,,,,,,,,,,,,1,1,Thanks!,English,38.889602661133,-92.223602294922,-1,
R_57OWBQCx4uWU4TP,Default Response Set,Anonymous,,,98.211.152.145,0,2014-06-18 22:51:45,2014-06-18 22:54:56,1,1,,,,,,,,,,,,,,,,,,,,,,,,,,,,,,,,,,,,,,,,,,,,,,,,,,,,,,,,,,,,,,,,,,,,,,,,,,,,,,,,,,,,,,,,,,,,,,,,,,,,,2,1.677,1.677,2.619,1,1,1.501,1.501,2.033,1,1,1.719,1.719,2.585,1,2,2.25,2.25,2.82,1,1,9.383,9.383,10.121,1,1,2.189,2.189,3.339,1,5,1.695,1.695,2.456,1,2,13.562,13.562,14.226,1,4,2.052,2.597,2.999,2,3,1.644,1.644,2.189,1,3,2.187,2.187,2.957,1,3,1.776,2.342,6.521,2,1,47.892,47.892,48.718,1,3,1.027,1.027,1.586,1,5,1.783,1.783,2.309,1,5,1.776,1.776,2.276,1,2,1.266,2.9699999999999998,3.508,2,1,1.25,1.25,1.783,1,2,1.961,1.961,2.539,1,0,2.273,2.273,2.94,1,,,,,,,,,,,,,,,,,,,,,,,,,,,,,,,,,,,,,,,,,,,,,,,,,,,,,,,,,,,,,,,,,,,,,,,,,,,,,,,,,,,,,,,,,,,,,,,,,,,,,,,,,,,,,,,,,,,,,,,,,,,,,,,,,,,,,,,,,,,,,,,,,,,,,,,,,,,,,,,,,,,,,,,,,,,,,,,,,,,,,,,,,,,,,,,,,,,,,,,,,2,4,no,english,26.706298828125,-80.20719909668,-1,
R_0cWLMoFxIgqn8b3,Default Response Set,Anonymous,,,173.85.213.33,0,2014-06-18 22:54:56,2014-06-18 22:57:52,1,1,,,,,,,,,,,,,,,,,,,,,,,,,,,,,,,,,,,,,,,,,,,,,,,,,,,,,,,,,,,,,,,,,,,,,,,,,,,,,,,,,,,,,,,,,,,,,,,,,,,,,,,,,,,,,,,,,,,,,,,,,,,,,,,,,,,,,,,,,,,,,,,,,,,,,,,,,,,,,,,,,,,,,,,,,,,,,,,,,,,,,,,,,,,,,,,,,,,,,,,,,,,,,,,,,,,,,,,,,,,,,,,,,,,,,,,,,,,,,,,,,,,,,,,,,,,,,,,,,,,,,,,,,,,,,,,,,,,,,,,,,,,,,,,,,,,,,,,,,,,,,4,4.105,4.593,4.94,2,0,2.332,2.6599999999999997,2.871,2,1,2.647,2.647,3.105,1,1,5.033,5.033,5.571,1,2,5.831,5.831,6.49,1,3,2.037,3.245,3.432,3,3,3.063,3.462,3.634,2,2,2.929,4.816,5.028,5,1,1.762,2.121,2.308,2,4,3.118,3.118,3.681,1,2,31.181,31.661,31.936,2,3,4.911,4.911,5.594,1,1,2.068,2.068,3.703,1,2,4.804,4.804,5.255,1,2,13.278,13.806,14.217,3,2,11.663,11.663,13.035,1,1,4.994,6.562000000000001,7.005,5,1,1.265,3.2239999999999998,3.739,4,1,1.802,1.802,2.437,1,1,3.093,5.325,5.56,4,2,1,none,english,47.739593505859,-122.34260559082,-1,
R_5aHsIgXJpR4f0lT,Default Response Set,Anonymous,,,174.26.64.172,0,2014-06-18 22:58:52,2014-06-18 23:02:47,1,1,0,2.278,2.278,3.173,1,1,3.892,3.892,5.354,1,0,7.015,10.487,11.605,3,0,2.196,2.196,3.171,1,0,2.342,2.342,3.133,1,0,1.762,1.762,4.114,1,0,7.771,7.771,8.586,1,0,1.969,1.969,2.976,1,3,3.442,3.442,4.264,1,1,5.603,5.603,6.682,1,0,7.039,7.039,7.901,1,3,5.45,5.45,6.24,1,0,3.613,3.613,4.619,1,1,4.986,4.986,6.385,1,0,5.974,5.974,6.837,1,2,7.329,11.753,12.671,2,0,1.445,1.445,2.219,1,0,10.5,10.5,11.275,1,0,7.282,7.282,8.49,1,0,2.518,2.518,3.315,1,,,,,,,,,,,,,,,,,,,,,,,,,,,,,,,,,,,,,,,,,,,,,,,,,,,,,,,,,,,,,,,,,,,,,,,,,,,,,,,,,,,,,,,,,,,,,,,,,,,,,,,,,,,,,,,,,,,,,,,,,,,,,,,,,,,,,,,,,,,,,,,,,,,,,,,,,,,,,,,,,,,,,,,,,,,,,,,,,,,,,,,,,,,,,,,,,,,,,,,,,,,,,,,,,,,,,,,,,,,,,,,,,,,,,,,,,,,,,,,,,,,,,,,,,,,,,,,,,,,,,,,,,,,,,,,,,,,,,,,,,,,,,,,,,,,,,,,,,,,,,2,2,No,English,33.448394775391,-112.07399749756,-1,
R_6QG9DVhUQhiR1sh,Default Response Set,Anonymous,,,184.4.45.43,0,2014-06-18 23:05:30,2014-06-18 23:09:57,1,1,,,,,,,,,,,,,,,,,,,,,,,,,,,,,,,,,,,,,,,,,,,,,,,,,,,,,,,,,,,,,,,,,,,,,,,,,,,,,,,,,,,,,,,,,,,,,,,,,,,,,0,2.978,2.978,4.415,1,0,7.378,7.378,10.942,1,0,2.849,2.849,4.452,1,0,2.74,4.406000000000001,9.139,2,0,7.182,9.712,14.037,3,0,3.681,3.681,5.191,1,6,5.994,5.994,8.263,1,0,3.653,3.653,6.304,1,6,2.235,2.235,3.785,1,3,3.612,3.612,5.15,1,3,6.848,6.848,12.509,1,4,9.385,15.658999999999999,17.16,2,0,2.776,2.776,5.013,1,6,2.758,2.758,4.182,1,6,4.828,4.828,6.314,1,0,11.088,12.283999999999999,14.521,2,0,4.356,4.356,9.046,1,0,3.428,3.428,6.344,1,0,6.06,6.06,7.852,1,0,2.542,2.542,4.172,1,,,,,,,,,,,,,,,,,,,,,,,,,,,,,,,,,,,,,,,,,,,,,,,,,,,,,,,,,,,,,,,,,,,,,,,,,,,,,,,,,,,,,,,,,,,,,,,,,,,,,,,,,,,,,,,,,,,,,,,,,,,,,,,,,,,,,,,,,,,,,,,,,,,,,,,,,,,,,,,,,,,,,,,,,,,,,,,,,,,,,,,,,,,,,,,,,,,,,,,,,1,1,no,english,35.783096313477,-78.205101013184,-1,
R_3xSg5ax2fqGjiyF,Default Response Set,Anonymous,,,69.204.127.26,0,2014-06-18 22:44:33,2014-06-18 23:18:32,1,1,5,2.635,5.066,5.559,2,1,259.138,259.138,259.677,1,2,1.957,2.661,3.16,2,5,2.801,3.233,3.58,2,4,1.749,4.2940000000000005,4.744,2,4,396.491,396.491,397.006,1,1,4.462,5.534,6.458,3,1,3.708,3.708,4.48,1,3,2.969,2.969,3.804,1,2,301.242,301.242,302.596,1,2,4.15,4.15,4.785,1,2,3.237,3.237,3.736,1,1,127.253,127.253,127.704,1,3,6.016,6.016,6.483,1,3,2.351,2.351,2.963,1,2,2.125,2.125,2.793,1,3,2.371,2.755,2.983,2,3,362.552,362.552,362.931,1,2,1.508,2.74,3.192,2,1,440.868,441.372,441.655,2,,,,,,,,,,,,,,,,,,,,,,,,,,,,,,,,,,,,,,,,,,,,,,,,,,,,,,,,,,,,,,,,,,,,,,,,,,,,,,,,,,,,,,,,,,,,,,,,,,,,,,,,,,,,,,,,,,,,,,,,,,,,,,,,,,,,,,,,,,,,,,,,,,,,,,,,,,,,,,,,,,,,,,,,,,,,,,,,,,,,,,,,,,,,,,,,,,,,,,,,,,,,,,,,,,,,,,,,,,,,,,,,,,,,,,,,,,,,,,,,,,,,,,,,,,,,,,,,,,,,,,,,,,,,,,,,,,,,,,,,,,,,,,,,,,,,,,,,,,,,,2,2,Nope,English,42.919692993164,-78.877899169922,-1,
R_d6C4lll7Pm4xKw5,Default Response Set,Anonymous,,,50.102.132.212,0,2014-06-18 22:58:55,2014-06-18 23:30:03,1,1,,,,,,,,,,,,,,,,,,,,,,,,,,,,,,,,,,,,,,,,,,,,,,,,,,,,,,,,,,,,,,,,,,,,,,,,,,,,,,,,,,,,,,,,,,,,,,,,,,,,,,,,,,,,,,,,,,,,,,,,,,,,,,,,,,,,,,,,,,,,,,,,,,,,,,,,,,,,,,,,,,,,,,,,,,,,,,,,,,,,,,,,,,,,,,,,,,,,,,,,,0,1.432,2.174,3.119,2,0,1.82,1.82,2.434,1,0,1.34,1.34,2.128,1,0,8.95,9.879999999999999,10.19,3,0,4.717,4.717,5.414,1,0,1.822,1.822,4.328,1,4,2.177,2.177,2.875,1,2,7.755,9.719,10.375,2,1,1.449,2.069,3.496,2,0,1.107,2.2889999999999997,2.994,2,4,22.917,22.917,23.65,1,3,2.231,2.231,2.972,1,0,4.835,5.201,5.924,2,0,1.594,1.594,2.541,1,2,1345.819,1346.791,1347.19,2,3,3.267,3.267,3.979,1,0,16.388,16.388,17.215,1,0,218.868,219.632,220.104,2,0,1.81,1.81,2.515,1,0,128.11,128.11,128.834,1,,,,,,,,,,,,,,,,,,,,,,,,,,,,,,,,,,,,,,,,,,,,,,,,,,,,,,,,,,,,,,,,,,,,,,,,,,,,,,,,,,,,,,,,,,,,,,,,,,,,,3,1,nope,english,41.459106445312,-87.138999938965,-1,
R_54PBFiO8MUGQXOJ,Default Response Set,Anonymous,,,24.20.22.114,0,2014-06-19 01:13:14,2014-06-19 01:14:34,1,1,,,,,,,,,,,,,,,,,,,,,,,,,,,,,,,,,,,,,,,,,,,,,,,,,,,,,,,,,,,,,,,,,,,,,,,,,,,,,,,,,,,,,,,,,,,,,,,,,,,,,,,,,,,,,,,,,,,,,,,,,,,,,,,,,,,,,,,,,,,,,,,,,,,,,,,,,,,,,,,,,,,,,,,,,,,,,,,,,,,,,,,,,,,,,,,,,,,,,,,,,0,0,0,1.404,0,0,0.978,0.978,1.474,1,0,0,0,1.067,0,0,0,0,1.366,0,0,0,0,1.714,0,0,2.784,5.768999999999999,11.165,5,4,0,0,1.969,0,3,1.301,1.301,1.885,1,2,0,0,1.444,0,0,0,0,3.471,0,6,0,0,2.16,0,2,0,0,2.278,0,3,0,0,1.827,0,0,0,0,1.094,0,3,1.567,2.162,2.499,2,6,0,0,1.826,0,0,1.296,1.778,2.102,2,0,0,0,1.682,0,0,0,0,1.879,0,0,3.815,3.815,4.309,1,,,,,,,,,,,,,,,,,,,,,,,,,,,,,,,,,,,,,,,,,,,,,,,,,,,,,,,,,,,,,,,,,,,,,,,,,,,,,,,,,,,,,,,,,,,,,,,,,,,,,1,1,no,English,45.544204711914,-122.64309692383,-1,
R_0wjfhuB91Idg5LL,Default Response Set,Anonymous,,,174.19.45.241,0,2014-06-19 01:24:26,2014-06-19 01:27:29,1,1,0,2.463,2.463,3.247,1,0,1.983,1.983,2.911,1,0,2.448,2.448,3.454,1,0,2.771,2.771,3.823,1,0,2.634,3.524,4.442,2,0,2.919,2.919,4.114,1,0,2.177,2.177,3.409,1,0,2.227,3.449,4.407,2,0,5.49,5.49,6.512,1,0,11.865,11.865,12.871,1,0,2.059,2.059,2.859,1,2,5.555,5.555,6.363,1,0,2.554,2.554,4.094,1,2,8.131,8.131,8.886,1,3,3.27,3.27,3.921,1,1,62.395,62.395,63.496,1,0,2.011,2.9080000000000004,3.897,2,0,1.691,1.691,2.515,1,0,2.192,2.192,3.008,1,0,3.077,3.077,4.029,1,,,,,,,,,,,,,,,,,,,,,,,,,,,,,,,,,,,,,,,,,,,,,,,,,,,,,,,,,,,,,,,,,,,,,,,,,,,,,,,,,,,,,,,,,,,,,,,,,,,,,,,,,,,,,,,,,,,,,,,,,,,,,,,,,,,,,,,,,,,,,,,,,,,,,,,,,,,,,,,,,,,,,,,,,,,,,,,,,,,,,,,,,,,,,,,,,,,,,,,,,,,,,,,,,,,,,,,,,,,,,,,,,,,,,,,,,,,,,,,,,,,,,,,,,,,,,,,,,,,,,,,,,,,,,,,,,,,,,,,,,,,,,,,,,,,,,,,,,,,,,3,3,no,English,40.760803222656,-111.89109802246,-1,
R_a5ysyICb3cLthFX,Default Response Set,Anonymous,,,107.192.104.118,0,2014-06-19 06:48:07,2014-06-19 06:50:09,1,1,,,,,,,,,,,,,,,,,,,,,,,,,,,,,,,,,,,,,,,,,,,,,,,,,,,,,,,,,,,,,,,,,,,,,,,,,,,,,,,,,,,,,,,,,,,,,,,,,,,,,,,,,,,,,,,,,,,,,,,,,,,,,,,,,,,,,,,,,,,,,,,,,,,,,,,,,,,,,,,,,,,,,,,,,,,,,,,,,,,,,,,,,,,,,,,,,,,,,,,,,,,,,,,,,,,,,,,,,,,,,,,,,,,,,,,,,,,,,,,,,,,,,,,,,,,,,,,,,,,,,,,,,,,,,,,,,,,,,,,,,,,,,,,,,,,,,,,,,,,,,3,3.936,3.936,4.633,1,0,1.175,1.175,1.7,1,0,1.22,1.22,1.736,1,1,1.735,2.599,3.215,3,0,2.198,2.198,2.646,1,1,1.078,1.078,1.703,1,2,1.716,2.831,5.022,3,2,3.507,3.507,4.081,1,2,2.262,2.262,2.755,1,4,1.049,1.905,2.414,3,3,1.038,2.556,2.816,5,2,0.616,2.589,3.074,6,0,1.519,1.7559999999999998,2.188,2,3,0.952,3.6290000000000004,5.512,4,0,1.506,1.506,1.992,1,3,1.002,1.599,2.45,3,1,5.981,5.981,38.172,1,0,0.948,3.003,3.409,2,1,1.307,1.307,1.85,1,0,0.709,1.427,1.871,2,2,1,clear and had no issues,English,37.374404907227,-121.75820159912,-1,
R_4JFQaQy7epVSqkR,Default Response Set,Anonymous,,,68.53.99.239,0,2014-06-19 17:51:29,2014-06-19 17:53:13,1,1,,,,,,,,,,,,,,,,,,,,,,,,,,,,,,,,,,,,,,,,,,,,,,,,,,,,,,,,,,,,,,,,,,,,,,,,,,,,,,,,,,,,,,,,,,,,,,,,,,,,,0,1.849,2.335,3.04,2,0,2.405,3.7859999999999996,4.272,3,0,1.567,1.567,2.246,1,0,1.527,1.527,2.346,1,0,1.913,2.49,3.155,2,0,1.066,1.066,1.962,1,2,2.058,2.57,4.681,2,2,2.207,2.207,2.988,1,3,1.953,1.953,2.466,1,1,2.507,2.507,3.314,1,3,2.273,2.273,2.722,1,5,2.087,2.087,3.083,1,0,2.202,2.202,2.92,1,3,4.841,4.841,5.558,1,5,2.992,2.992,3.568,1,5,2.66,4.296,4.706,3,0,2.052,2.052,2.833,1,0,2.147,2.147,2.773,1,0,1.688,2.391,3.109,2,0,1.549,1.549,2.1,1,,,,,,,,,,,,,,,,,,,,,,,,,,,,,,,,,,,,,,,,,,,,,,,,,,,,,,,,,,,,,,,,,,,,,,,,,,,,,,,,,,,,,,,,,,,,,,,,,,,,,,,,,,,,,,,,,,,,,,,,,,,,,,,,,,,,,,,,,,,,,,,,,,,,,,,,,,,,,,,,,,,,,,,,,,,,,,,,,,,,,,,,,,,,,,,,,,,,,,,,,3,1,nope,english,36.060897827148,-86.960899353027,-1,
R_6P6SMzUM4in2lYV,Default Response Set,Anonymous,,,106.198.86.23,0,2014-06-19 00:29:32,2014-06-19 22:06:18,1,1,,,,,,,,,,,,,,,,,,,,,,,,,,,,,,,,,,,,,,,,,,,,,,,,,,,,,,,,,,,,,,,,,,,,,,,,,,,,,,,,,,,,,,,,,,,,,,,,,,,,,0,1.639,1.639,2.436,1,0,1.37,1.37,2.565,1,0,1.788,1.788,2.304,1,0,6.359,7.519,7.898,3,0,33.01,33.01,33.567,1,0,5.219,5.219,5.741,1,4,1.699,1.699,2.184,1,0,0.727,1.855,6.202,3,5,1.471,2.166,2.858,2,1,2.184,3.976,4.348,4,1,6.272,6.272,6.999,1,3,50.303,50.303,50.715,1,0,0.656,1.572,1.864,3,6,3.662,3.662,4.126,1,4,5.51,5.926,6.255,2,6,1.005,1.005,1.536,1,0,24.203,24.203,38.446,1,0,0.878,0.878,1.498,1,0,1.311,1.767,2.034,2,0,1.61,1.61,28.436,1,,,,,,,,,,,,,,,,,,,,,,,,,,,,,,,,,,,,,,,,,,,,,,,,,,,,,,,,,,,,,,,,,,,,,,,,,,,,,,,,,,,,,,,,,,,,,,,,,,,,,,,,,,,,,,,,,,,,,,,,,,,,,,,,,,,,,,,,,,,,,,,,,,,,,,,,,,,,,,,,,,,,,,,,,,,,,,,,,,,,,,,,,,,,,,,,,,,,,,,,,2,1,no,english,12.983306884766,77.583312988281,-1,
R_5nLw46XaYTBwyhv,Default Response Set,Anonymous,,,70.178.227.95,0,2014-06-20 05:31:49,2014-06-20 05:34:18,1,1,,,,,,,,,,,,,,,,,,,,,,,,,,,,,,,,,,,,,,,,,,,,,,,,,,,,,,,,,,,,,,,,,,,,,,,,,,,,,,,,,,,,,,,,,,,,,,,,,,,,,,,,,,,,,,,,,,,,,,,,,,,,,,,,,,,,,,,,,,,,,,,,,,,,,,,,,,,,,,,,,,,,,,,,,,,,,,,,,,,,,,,,,,,,,,,,,,,,,,,,,0,5.458,5.458,6.047,1,1,2.09,2.09,2.685,1,0,5.067,7.378,7.773,5,0,1.792,1.792,2.58,1,3,1.757,1.757,2.353,1,2,2.067,2.067,2.79,1,3,1.66,1.66,2.772,1,1,2.944,2.944,3.603,1,2,2.563,3.024,3.346,2,2,1.791,1.791,2.38,1,5,1.671,1.671,2.159,1,5,2.222,2.222,2.785,1,3,1.76,2.534,3.155,2,1,2.397,2.397,2.938,1,1,4.781,4.781,5.377,1,5,0.938,2.609,3.077,2,0,8.984,8.984,9.617,1,0,1.938,3.106,3.756,2,0,14.321,14.321,15.004,1,0,2.004,2.004,2.655,1,,,,,,,,,,,,,,,,,,,,,,,,,,,,,,,,,,,,,,,,,,,,,,,,,,,,,,,,,,,,,,,,,,,,,,,,,,,,,,,,,,,,,,,,,,,,,,,,,,,,,2,1,thank you!,English,36.233093261719,-93.063598632812,-1,
R_dpxkPUzSaaVJT81,Default Response Set,Anonymous,,,96.254.148.136,0,2014-06-18 22:30:42,2014-06-18 22:32:06,0,1,,,,,,,,,,,,,,,,,,,,,,,,,,,,,,,,,,,,,,,,,,,,,,,,,,,,,,,,,,,,,,,,,,,,,,,,,,,,,,,,,,,,,,,,,,,,,,,,,,,,,,,,,,,,,,,,,,,,,,,,,,,,,,,,,,,,,,,,,,,,,,,,,,,,,,,,,,,,,,,,,,,,,,,,,,,,,,,,,,,,,,,,,,,,,,,,,,,,,,,,,,,,,,,,,,,,,,,,,,,,,,,,,,,,,,,,,,,,,,,,,,,,,,,,,,,,,,,,,,,,,,,,,,,,,,,,,,,,,,,,,,,,,,,,,,,,,,,,,,,,,,,,,,,,,,,,,,,,,,,,,,,,,,,,,,,,,,,,,,,,,,,,,,,,,,,,,,,,,,,,,,,,,,,,,,,,,,,,,,,,,,,,,,,,,,,,,,,,,,,,,,,,,,,-1,
R_50gFYgnrTbXCylT,Default Response Set,Anonymous,,,24.158.149.130,0,2014-06-18 22:43:06,2014-06-18 22:43:25,0,1,,,,,,,,,,,,,,,,,,,,,,,,,,,,,,,1,6.725,6.725,7.506,1,,,,,,,,,,,,,,,,,,,,,,,,,,,,,,,,,,,,,,,,,,,,,,,,,,,,,,,,,,,,,,,,,,,,,,,,,,,,,,,,,,,,,,,,,,,,,,,,,,,,,,,,,,,,,,,,,,,,,,,,,,,,,,,,,,,,,,,,,,,,,,,,,,,,,,,,,,,,,,,,,,,,,,,,,,,,,,,,,,,,,,,,,,,,,,,,,,,,,,,,,,,,,,,,,,,,,,,,,,,,,,,,,,,,,,,,,,,,,,,,,,,,,,,,,,,,,,,,,,,,,,,,,,,,,,,,,,,,,,,,,,,,,,,,,,,,,,,,,,,,,,,,,,,,,,,,,,,,,,,,,,,,,,,,,,,,,,,,,,,,,,,,,,,,,,,,,,,,,,,,,,,,,,,,,,,,-1,
R_38JmXLwF5hKyDOd,Default Response Set,Anonymous,,,71.94.156.233,0,2014-06-18 22:45:57,2014-06-18 22:46:26,0,1,,,,,,,,,,,,,,,,,,,,,,,,,,,,,,,,,,,,,,,,,,,,,,,,,,,,,,,,,,,,,,,,,,,,,,,,,,,,,,,,,,,,,,,,,,,,,,,,,,,,,,,,,,,,,,,,,,,,,,,,,,,,,,,,,,,,,,,,,,,,,,,,,,,,,,,,,,,,,,,,,,,,,,,,,,,,,,,,,,,,,,,,,,,,,,,,,,,,,,,,,,,,,,,,,,,,,,,,,,,,,,,,,,,,,,,,,,,,,,,,,,,,,,,,,,,,,,,,,,,,,,,,,,,,,,,,,,,,,,,,,,,,,,,,,,,,,,,,,,,,,,,,,,,,,,,,,,,,2,1.585,1.585,2.233,1,,,,,,0,3.109,7.618,8.864,2,,,,,,,,,,,,,,,,,,,,,,,,,,,,,,,,,,,,,,,,,,,,,,,,,,,,,,,,,,,,,,,,,,,,,,,,,,,,,-1,
